Airline,Date_of_Journey,Source,Destination,Route,Dep_Time,Arrival_Time,Duration,Total_Stops,Additional_Info,Price
Multiple carriers,27/05/2019,Delhi,Cochin,DEL → BOM → COK,07:30,19:00,11h 30m,1 stop,No info,9315
Jet Airways,24/05/2019,Kolkata,Banglore,CCU → BOM → BLR,21:10,04:40 25 May,7h 30m,1 stop,In-flight meal not included,9663
IndiGo,21/03/2019,Delhi,Cochin,DEL → BOM → COK,18:35,01:35 22 Mar,7h,1 stop,No info,9264
SpiceJet,15/05/2019,Chennai,Kolkata,MAA → CCU,09:45,12:00,2h 15m,non-stop,No info,3597
IndiGo,24/06/2019,Delhi,Cochin,DEL → HYD → COK,05:05,12:10,7h 5m,1 stop,No info,6442
Multiple carriers,9/05/2019,Delhi,Cochin,DEL → BOM → COK,17:30,01:30 10 May,8h,1 stop,No info,15078
IndiGo,1/05/2019,Kolkata,Banglore,CCU → NAG → BLR,18:05,23:30,5h 25m,1 stop,No info,6218
Jet Airways,12/06/2019,Delhi,Cochin,DEL → BOM → COK,13:00,12:35 13 Jun,23h 35m,1 stop,In-flight meal not included,10262
Multiple carriers,9/03/2019,Delhi,Cochin,DEL → BOM → COK,19:00,01:35 10 Mar,6h 35m,1 stop,No info,13677
Jet Airways,24/06/2019,Banglore,Delhi,BLR → DEL,07:10,10:10,3h,non-stop,No info,8016
Jet Airways,3/06/2019,Delhi,Cochin,DEL → BOM → COK,17:30,12:35 04 Jun,19h 5m,1 stop,In-flight meal not included,10262
SpiceJet,27/06/2019,Kolkata,Banglore,CCU → BLR,06:55,09:30,2h 35m,non-stop,No info,3873
SpiceJet,27/06/2019,Delhi,Cochin,DEL → PNQ → COK,08:45,13:15,4h 30m,1 stop,No info,4812
SpiceJet,15/05/2019,Mumbai,Hyderabad,BOM → HYD,22:45,00:15 16 May,1h 30m,non-stop,No info,2017
IndiGo,21/03/2019,Kolkata,Banglore,CCU → BLR,20:25,23:05,2h 40m,non-stop,No info,4462
Air India,15/06/2019,Delhi,Cochin,DEL → AMD → BOM → COK,05:00,07:40 16 Jun,26h 40m,2 stops,No info,10231
Air India,21/03/2019,Banglore,New Delhi,BLR → VGA → DEL,10:30,22:55,12h 25m,1 stop,No info,6383
Air India,24/06/2019,Delhi,Cochin,DEL → HYD → BOM → COK,17:15,07:40 25 Jun,14h 25m,2 stops,No info,11989
IndiGo,24/03/2019,Banglore,New Delhi,BLR → DEL,18:55,21:45,2h 50m,non-stop,No info,7303
Jet Airways,21/04/2019,Banglore,Delhi,BLR → DEL,18:55,22:00,3h 5m,non-stop,No info,7229
Jet Airways,21/06/2019,Mumbai,Hyderabad,BOM → HYD,08:45,10:15,1h 30m,non-stop,In-flight meal not included,4995
Multiple carriers,15/06/2019,Delhi,Cochin,DEL → BOM → COK,13:00,21:00,8h,1 stop,No info,7408
Air India,15/05/2019,Kolkata,Banglore,CCU → GAU → DEL → BLR,16:45,12:30 16 May,19h 45m,2 stops,No info,14960
Air Asia,24/03/2019,Banglore,New Delhi,BLR → DEL,23:25,02:10 28 Mar,2h 45m,non-stop,No info,4482
IndiGo,1/06/2019,Delhi,Cochin,DEL → HYD → COK,06:50,16:10,9h 20m,1 stop,No info,6442
Jet Airways,12/05/2019,Banglore,Delhi,BLR → DEL,08:20,11:20,3h,non-stop,In-flight meal not included,6144
Jet Airways,27/05/2019,Delhi,Cochin,DEL → JAI → BOM → COK,09:40,12:35 28 May,26h 55m,2 stops,No info,15129
Air India,21/05/2019,Delhi,Cochin,DEL → GOI → BOM → COK,22:00,19:15 22 May,21h 15m,2 stops,No info,10231
IndiGo,3/04/2019,Banglore,Delhi,BLR → DEL,20:00,22:50,2h 50m,non-stop,No info,4823
IndiGo,9/06/2019,Banglore,Delhi,BLR → DEL,08:30,11:20,2h 50m,non-stop,No info,4823
Jet Airways,21/05/2019,Delhi,Cochin,DEL → BOM → COK,11:30,04:25 22 May,16h 55m,1 stop,In-flight meal not included,12898
Jet Airways,1/05/2019,Mumbai,Hyderabad,BOM → HYD,19:35,21:05,1h 30m,non-stop,No info,5678
Air India,9/03/2019,Delhi,Cochin,DEL → BHO → BOM → COK,05:55,07:40 10 Mar,25h 45m,2 stops,No info,14483
Jet Airways,15/05/2019,Mumbai,Hyderabad,BOM → HYD,19:35,21:05,1h 30m,non-stop,In-flight meal not included,2228
Multiple carriers,15/06/2019,Delhi,Cochin,DEL → HYD → COK,13:15,22:30,9h 15m,1 stop,No info,8018
Multiple carriers,6/03/2019,Delhi,Cochin,DEL → BOM → COK,09:55,21:00,11h 5m,1 stop,In-flight meal not included,15136
SpiceJet,24/04/2019,Delhi,Cochin,DEL → MAA → COK,15:45,22:05,6h 20m,1 stop,No info,5583
Air India,12/06/2019,Delhi,Cochin,DEL → CCU → BOM → COK,14:25,19:15 13 Jun,28h 50m,2 stops,No info,13381
Air India,15/03/2019,Banglore,New Delhi,BLR → COK → DEL,06:55,10:50 16 Mar,27h 55m,1 stop,No info,7932
Jet Airways,9/05/2019,Kolkata,Banglore,CCU → BOM → BLR,20:00,08:15 10 May,12h 15m,1 stop,In-flight meal not included,7757
Jet Airways,18/05/2019,Delhi,Cochin,DEL → JAI → BOM → COK,05:30,04:25 19 May,22h 55m,2 stops,In-flight meal not included,13029
SpiceJet,9/06/2019,Kolkata,Banglore,CCU → BLR,06:55,09:30,2h 35m,non-stop,No check-in baggage included,3841
Air India,03/03/2019,Banglore,New Delhi,BLR → DEL,13:20,16:10,2h 50m,non-stop,No info,10216
Air India,21/05/2019,Mumbai,Hyderabad,BOM → HYD,21:05,22:25,1h 20m,non-stop,No info,3100
Air India,21/03/2019,Delhi,Cochin,DEL → HYD → BOM → COK,17:15,19:15 22 Mar,26h,2 stops,No info,8245
Air India,01/03/2019,Banglore,New Delhi,BLR → CCU → DEL,11:05,19:50,8h 45m,1 stop,1 Long layover,14594
Jet Airways,1/06/2019,Delhi,Cochin,DEL → BDQ → BOM → COK,18:25,12:35 02 Jun,18h 10m,2 stops,No info,14237
Air India,21/05/2019,Kolkata,Banglore,CCU → JAI → DEL → BLR,08:20,23:15,14h 55m,2 stops,No info,13164
Jet Airways,9/06/2019,Delhi,Cochin,DEL → BOM → COK,20:55,04:25 10 Jun,7h 30m,1 stop,No info,14924
Jet Airways,21/05/2019,Kolkata,Banglore,CCU → BOM → BLR,21:10,16:20 22 May,19h 10m,1 stop,In-flight meal not included,10844
Jet Airways,6/05/2019,Kolkata,Banglore,CCU → GAU → BLR,10:20,17:35,7h 15m,1 stop,In-flight meal not included,7064
Vistara,24/05/2019,Kolkata,Banglore,CCU → DEL → BLR,07:10,18:50,11h 40m,1 stop,No info,9555
Multiple carriers,24/06/2019,Delhi,Cochin,DEL → BOM → COK,10:35,19:15,8h 40m,1 stop,No info,7155
Multiple carriers,9/06/2019,Delhi,Cochin,DEL → BOM → COK,08:00,19:00,11h,1 stop,No info,12192
Air Asia,18/05/2019,Delhi,Cochin,DEL → BLR → COK,16:45,07:10 19 May,14h 25m,1 stop,No info,7353
IndiGo,27/06/2019,Delhi,Cochin,DEL → HYD → COK,07:35,12:10,4h 35m,1 stop,No info,5054
Multiple carriers,15/06/2019,Delhi,Cochin,DEL → IXU → BOM → COK,17:50,01:30 16 Jun,7h 40m,2 stops,No info,18485
Jet Airways,6/06/2019,Kolkata,Banglore,CCU → BOM → BLR,06:30,18:15,11h 45m,1 stop,In-flight meal not included,10844
Jet Airways,18/05/2019,Banglore,Delhi,BLR → DEL,08:20,11:20,3h,non-stop,In-flight meal not included,6144
IndiGo,1/05/2019,Mumbai,Hyderabad,BOM → HYD,19:05,20:35,1h 30m,non-stop,No info,2754
Multiple carriers,27/03/2019,Delhi,Cochin,DEL → BOM → COK,15:05,01:35 28 Mar,10h 30m,1 stop,No info,12327
SpiceJet,6/05/2019,Kolkata,Banglore,CCU → BLR,06:55,09:30,2h 35m,non-stop,No check-in baggage included,3841
Jet Airways,18/05/2019,Delhi,Cochin,DEL → BOM → COK,22:50,04:25 19 May,5h 35m,1 stop,In-flight meal not included,12373
Air India,21/05/2019,Delhi,Cochin,DEL → GOI → BOM → COK,22:00,19:15 22 May,21h 15m,2 stops,No info,10231
IndiGo,21/05/2019,Delhi,Cochin,DEL → BOM → COK,09:15,21:00,11h 45m,1 stop,No info,7318
Jet Airways,06/03/2019,Banglore,New Delhi,BLR → BOM → DEL,11:40,07:40 07 Mar,20h,1 stop,No info,16736
IndiGo,9/06/2019,Delhi,Cochin,DEL → LKO → COK,21:50,03:35 10 Jun,5h 45m,1 stop,No info,6195
SpiceJet,6/06/2019,Mumbai,Hyderabad,BOM → HYD,05:45,07:15,1h 30m,non-stop,No info,2753
SpiceJet,24/03/2019,Chennai,Kolkata,MAA → CCU,09:30,12:05,2h 35m,non-stop,No check-in baggage included,3807
Jet Airways,3/03/2019,Delhi,Cochin,DEL → IDR → BOM → COK,05:25,04:25 05 Mar,47h,2 stops,No info,20064
IndiGo,21/06/2019,Delhi,Cochin,DEL → COK,21:05,00:20 22 Jun,3h 15m,non-stop,No info,5406
Air India,1/06/2019,Delhi,Cochin,DEL → GOI → BOM → COK,22:00,19:15 02 Jun,21h 15m,2 stops,No info,10441
Jet Airways,6/05/2019,Kolkata,Banglore,CCU → DEL → BLR,20:25,09:45 07 May,13h 20m,1 stop,In-flight meal not included,8066
Air India,27/06/2019,Banglore,Delhi,BLR → DEL,17:00,19:45,2h 45m,non-stop,No info,6961
Vistara,21/03/2019,Delhi,Cochin,DEL → COK,14:55,17:50,2h 55m,non-stop,No info,5586
Air India,1/06/2019,Delhi,Cochin,DEL → BLR → COK,17:40,23:00,5h 20m,1 stop,No info,7384
Jet Airways,01/03/2019,Banglore,New Delhi,BLR → BOM → DEL,11:40,09:00 02 Mar,21h 20m,1 stop,No info,20800
Jet Airways,12/05/2019,Kolkata,Banglore,CCU → BOM → BLR,06:30,12:00,5h 30m,1 stop,No info,13941
Jet Airways,3/05/2019,Banglore,Delhi,BLR → DEL,08:20,11:20,3h,non-stop,In-flight meal not included,5198
SpiceJet,18/03/2019,Chennai,Kolkata,MAA → CCU,09:30,12:05,2h 35m,non-stop,No check-in baggage included,3807
Multiple carriers,3/03/2019,Delhi,Cochin,DEL → HYD → COK,09:45,22:20,12h 35m,1 stop,No info,13838
Air India,24/06/2019,Delhi,Cochin,DEL → HYD → MAA → COK,07:05,09:25 25 Jun,26h 20m,2 stops,No info,11185
Jet Airways,21/06/2019,Banglore,Delhi,BLR → DEL,15:15,18:10,2h 55m,non-stop,In-flight meal not included,7229
Jet Airways,12/06/2019,Delhi,Cochin,DEL → BOM → COK,21:50,04:25 13 Jun,6h 35m,1 stop,In-flight meal not included,10262
Air Asia,9/03/2019,Kolkata,Banglore,CCU → BLR,19:35,22:05,2h 30m,non-stop,No info,4384
Jet Airways,27/06/2019,Delhi,Cochin,DEL → AMD → BOM → COK,13:25,12:35 28 Jun,23h 10m,2 stops,No info,12819
Jet Airways,6/05/2019,Kolkata,Banglore,CCU → BOM → BLR,21:10,10:05 07 May,12h 55m,1 stop,In-flight meal not included,7757
Air India,21/04/2019,Delhi,Cochin,DEL → BLR → COK,20:30,23:00 22 Apr,26h 30m,1 stop,No info,7174
IndiGo,1/06/2019,Delhi,Cochin,DEL → HYD → COK,11:55,22:30,10h 35m,1 stop,No info,6674
IndiGo,18/05/2019,Mumbai,Hyderabad,BOM → HYD,20:05,21:40,1h 35m,non-stop,No info,2227
Jet Airways,12/06/2019,Delhi,Cochin,DEL → JAI → BOM → COK,19:30,12:35 13 Jun,17h 5m,2 stops,No info,13014
IndiGo,21/03/2019,Mumbai,Hyderabad,BOM → HYD,16:55,18:25,1h 30m,non-stop,No info,3175
IndiGo,1/03/2019,Kolkata,Banglore,CCU → BLR,09:35,12:20,2h 45m,non-stop,No info,6565
Jet Airways,1/04/2019,Kolkata,Banglore,CCU → BOM → BLR,18:55,23:35 02 Apr,28h 40m,1 stop,No info,12681
Vistara,1/06/2019,Chennai,Kolkata,MAA → CCU,07:05,09:20,2h 15m,non-stop,No info,3687
Jet Airways,15/06/2019,Mumbai,Hyderabad,BOM → HYD,19:35,21:05,1h 30m,non-stop,In-flight meal not included,3210
IndiGo,6/03/2019,Kolkata,Banglore,CCU → BLR,20:25,23:05,2h 40m,non-stop,No info,4778
Multiple carriers,3/06/2019,Delhi,Cochin,DEL → BOM → COK,11:25,19:00,7h 35m,1 stop,No info,10877
Vistara,24/05/2019,Kolkata,Banglore,CCU → DEL → BLR,20:20,10:45 25 May,14h 25m,1 stop,No info,9187
Air India,15/03/2019,Banglore,New Delhi,BLR → COK → DEL,22:00,23:20 16 Mar,25h 20m,1 stop,No info,6850
Jet Airways,12/05/2019,Kolkata,Banglore,CCU → BOM → BLR,08:25,18:15,9h 50m,1 stop,No info,14781
Air India,6/05/2019,Kolkata,Banglore,CCU → GAU → DEL → BLR,16:45,08:55 07 May,16h 10m,2 stops,No info,13227
Vistara,9/05/2019,Banglore,Delhi,BLR → DEL,07:00,09:40,2h 40m,non-stop,No info,4668
Jet Airways,24/05/2019,Kolkata,Banglore,CCU → BOM → BLR,06:30,12:00,5h 30m,1 stop,No info,14178
Jet Airways,6/05/2019,Kolkata,Banglore,CCU → DEL → BLR,17:00,09:45 07 May,16h 45m,1 stop,In-flight meal not included,8066
IndiGo,6/05/2019,Banglore,Delhi,BLR → DEL,13:00,15:50,2h 50m,non-stop,No info,3943
Multiple carriers,1/06/2019,Delhi,Cochin,DEL → BOM → COK,07:30,19:00,11h 30m,1 stop,No info,11200
Jet Airways,18/05/2019,Kolkata,Banglore,CCU → BOM → BLR,18:55,04:40 19 May,9h 45m,1 stop,In-flight meal not included,8586
Jet Airways,12/06/2019,Kolkata,Banglore,CCU → BOM → BLR,21:10,10:05 13 Jun,12h 55m,1 stop,No info,13044
Multiple carriers,3/06/2019,Delhi,Cochin,DEL → BOM → COK,09:15,19:15,10h,1 stop,No info,8099
Jet Airways,15/06/2019,Delhi,Cochin,DEL → BOM → COK,17:30,04:25 16 Jun,10h 55m,1 stop,In-flight meal not included,10262
Multiple carriers,24/06/2019,Delhi,Cochin,DEL → IXU → BOM → COK,17:50,01:30 25 Jun,7h 40m,2 stops,No info,18275
Multiple carriers,27/05/2019,Delhi,Cochin,DEL → BOM → COK,06:00,21:00,15h,1 stop,No info,8475
SpiceJet,6/04/2019,Kolkata,Banglore,CCU → BLR,22:20,00:40 07 Apr,2h 20m,non-stop,No info,3873
IndiGo,21/06/2019,Mumbai,Hyderabad,BOM → HYD,21:20,22:50,1h 30m,non-stop,No info,2227
Jet Airways,6/03/2019,Delhi,Cochin,DEL → IDR → BOM → COK,05:25,19:45 07 Mar,38h 20m,2 stops,In-flight meal not included,16389
Air India,3/05/2019,Banglore,Delhi,BLR → DEL,06:10,08:55,2h 45m,non-stop,No info,5228
Air India,21/03/2019,Banglore,New Delhi,BLR → MAA → DEL,11:50,08:55 19 Mar,21h 5m,1 stop,No info,5092
IndiGo,09/03/2019,Banglore,New Delhi,BLR → DEL,21:20,00:15 13 Mar,2h 55m,non-stop,No info,4777
Air Asia,24/03/2019,Banglore,New Delhi,BLR → DEL,05:50,08:40,2h 50m,non-stop,No info,3383
Vistara,21/05/2019,Kolkata,Banglore,CCU → DEL → BLR,07:10,09:05 22 May,25h 55m,1 stop,No info,8452
IndiGo,27/05/2019,Banglore,Delhi,BLR → DEL,23:30,02:20 28 May,2h 50m,non-stop,No info,3943
Air India,24/06/2019,Mumbai,Hyderabad,BOM → HYD,21:05,22:25,1h 20m,non-stop,No info,3100
IndiGo,6/03/2019,Delhi,Cochin,DEL → BOM → COK,09:10,01:35 07 Mar,16h 25m,1 stop,No info,14871
Jet Airways,21/06/2019,Banglore,Delhi,BLR → DEL,11:10,14:05,2h 55m,non-stop,No info,8016
Multiple carriers,12/06/2019,Delhi,Cochin,DEL → BOM → COK,06:00,19:00,13h,1 stop,No info,11789
Multiple carriers,15/05/2019,Delhi,Cochin,DEL → BOM → COK,11:40,19:00,7h 20m,1 stop,No info,10529
Air Asia,15/03/2019,Banglore,New Delhi,BLR → DEL,05:50,08:40,2h 50m,non-stop,No info,5615
SpiceJet,6/06/2019,Kolkata,Banglore,CCU → MAA → BLR,15:05,20:20,5h 15m,1 stop,No info,4649
Air India,9/06/2019,Kolkata,Banglore,CCU → IXR → DEL → BLR,05:50,23:15,17h 25m,2 stops,No info,12723
Jet Airways,24/05/2019,Kolkata,Banglore,CCU → BOM → BLR,06:30,18:15,11h 45m,1 stop,In-flight meal not included,10844
Jet Airways,3/06/2019,Delhi,Cochin,DEL → BOM → COK,20:55,19:00 04 Jun,22h 5m,1 stop,No info,14714
Vistara,12/06/2019,Delhi,Cochin,DEL → COK,14:40,17:50,3h 10m,non-stop,No info,6216
IndiGo,15/03/2019,Kolkata,Banglore,CCU → BLR,09:35,12:20,2h 45m,non-stop,No info,4148
IndiGo,6/03/2019,Delhi,Cochin,DEL → HYD → COK,06:40,12:00,5h 20m,1 stop,No info,5647
Jet Airways,15/05/2019,Kolkata,Banglore,CCU → BOM → BLR,08:25,18:15,9h 50m,1 stop,In-flight meal not included,10844
IndiGo,9/05/2019,Delhi,Cochin,DEL → HYD → COK,05:05,12:10,7h 5m,1 stop,No info,6818
Air India,27/05/2019,Delhi,Cochin,DEL → GOI → BOM → COK,10:55,07:40 28 May,20h 45m,2 stops,No info,13643
Multiple carriers,27/03/2019,Delhi,Cochin,DEL → BOM → COK,07:00,21:00,14h,1 stop,No info,6358
Jet Airways,1/06/2019,Delhi,Cochin,DEL → BOM → COK,13:00,19:00,6h,1 stop,No info,14714
SpiceJet,21/04/2019,Delhi,Cochin,DEL → PNQ → COK,08:45,13:15,4h 30m,1 stop,No info,6460
Jet Airways,12/05/2019,Kolkata,Banglore,CCU → BOM → BLR,21:10,12:00 13 May,14h 50m,1 stop,In-flight meal not included,9663
Jet Airways,21/05/2019,Kolkata,Banglore,CCU → BOM → BLR,06:30,10:05 22 May,27h 35m,1 stop,No info,13941
Jet Airways,27/03/2019,Delhi,Cochin,DEL → BOM → COK,19:45,19:45 28 Mar,24h,1 stop,In-flight meal not included,5963
Jet Airways,15/06/2019,Delhi,Cochin,DEL → JAI → BOM → COK,19:30,12:35 16 Jun,17h 5m,2 stops,No info,13014
Jet Airways,9/05/2019,Kolkata,Banglore,CCU → BOM → BLR,16:30,09:20 10 May,16h 50m,1 stop,In-flight meal not included,9663
IndiGo,6/04/2019,Banglore,Delhi,BLR → DEL,13:00,15:50,2h 50m,non-stop,No info,4423
Jet Airways,6/05/2019,Delhi,Cochin,DEL → JDH → BOM → COK,11:40,19:00,7h 20m,2 stops,No info,21219
IndiGo,24/05/2019,Delhi,Cochin,DEL → BOM → COK,18:35,01:30 25 May,6h 55m,1 stop,No info,7503
IndiGo,24/06/2019,Kolkata,Banglore,CCU → BLR,21:25,00:05 25 Jun,2h 40m,non-stop,No info,4804
Jet Airways,9/05/2019,Delhi,Cochin,DEL → JAI → BOM → COK,09:40,12:35 10 May,26h 55m,2 stops,No info,15129
Multiple carriers,27/03/2019,Delhi,Cochin,DEL → HYD → MAA → COK,07:10,21:20,14h 10m,2 stops,No info,6197
SpiceJet,27/05/2019,Chennai,Kolkata,MAA → CCU,17:45,20:05,2h 20m,non-stop,No info,3597
Multiple carriers,27/03/2019,Delhi,Cochin,DEL → BOM → COK,07:30,19:15,11h 45m,1 stop,No info,9100
Jet Airways,1/06/2019,Mumbai,Hyderabad,BOM → HYD,07:05,08:30,1h 25m,non-stop,In-flight meal not included,4050
Multiple carriers,6/06/2019,Delhi,Cochin,DEL → BOM → COK,10:00,01:30 07 Jun,15h 30m,1 stop,No info,7723
Jet Airways,9/05/2019,Delhi,Cochin,DEL → AMD → BOM → COK,23:05,19:00 10 May,19h 55m,2 stops,No info,15129
Jet Airways,18/05/2019,Delhi,Cochin,DEL → BOM → COK,08:00,19:00,11h,1 stop,In-flight meal not included,12373
IndiGo,3/05/2019,Banglore,Delhi,BLR → DEL,23:30,02:20 04 May,2h 50m,non-stop,No info,4591
SpiceJet,9/03/2019,Chennai,Kolkata,MAA → CCU,08:20,10:35,2h 15m,non-stop,No info,6300
Air India,24/03/2019,Banglore,New Delhi,BLR → DEL,17:00,19:45,2h 45m,non-stop,No info,5176
Multiple carriers,15/06/2019,Delhi,Cochin,DEL → BOM → COK,09:00,19:00,10h,1 stop,No info,12717
Air India,18/03/2019,Chennai,Kolkata,MAA → CCU,11:40,13:55,2h 15m,non-stop,No info,4405
SpiceJet,21/04/2019,Delhi,Cochin,DEL → MAA → COK,15:45,22:05,6h 20m,1 stop,No info,6749
Jet Airways,12/05/2019,Kolkata,Banglore,CCU → GAU → BLR,10:20,17:35,7h 15m,1 stop,In-flight meal not included,7064
Jet Airways,21/05/2019,Delhi,Cochin,DEL → BOM → COK,07:05,12:35,5h 30m,1 stop,No info,16289
IndiGo,15/03/2019,Chennai,Kolkata,MAA → CCU,11:35,14:00,2h 25m,non-stop,No info,6297
Jet Airways,12/05/2019,Mumbai,Hyderabad,BOM → HYD,19:35,21:05,1h 30m,non-stop,No info,5678
Jet Airways,1/05/2019,Kolkata,Banglore,CCU → BOM → BLR,20:00,09:20 02 May,13h 20m,1 stop,No info,14388
Jet Airways,18/04/2019,Banglore,Delhi,BLR → DEL,06:00,08:45,2h 45m,non-stop,No info,7229
IndiGo,24/03/2019,Kolkata,Banglore,CCU → BBI → BLR,11:55,16:25,4h 30m,1 stop,No info,9806
IndiGo,6/06/2019,Delhi,Cochin,DEL → LKO → COK,21:50,03:35 07 Jun,5h 45m,1 stop,No info,6195
Jet Airways,12/06/2019,Kolkata,Banglore,CCU → BOM → BLR,18:55,18:15 13 Jun,23h 20m,1 stop,No info,13044
Jet Airways,27/06/2019,Delhi,Cochin,DEL → LKO → BOM → COK,11:45,04:25 28 Jun,16h 40m,2 stops,No info,13882
Jet Airways,24/03/2019,Banglore,New Delhi,BLR → BOM → DEL,05:45,10:45,5h,1 stop,In-flight meal not included,8147
Air India,9/04/2019,Delhi,Cochin,DEL → HYD → BOM → COK,17:15,07:40 10 Apr,14h 25m,2 stops,No info,8052
Jet Airways,1/05/2019,Kolkata,Banglore,CCU → BOM → BLR,06:30,19:50,13h 20m,1 stop,No info,14781
Jet Airways,24/05/2019,Kolkata,Banglore,CCU → DEL → BLR,09:35,22:05,12h 30m,1 stop,No info,14151
IndiGo,18/05/2019,Kolkata,Banglore,CCU → NAG → BLR,18:05,23:30,5h 25m,1 stop,No info,6704
Jet Airways,1/05/2019,Kolkata,Banglore,CCU → BOM → BLR,08:25,12:00 02 May,27h 35m,1 stop,In-flight meal not included,9663
IndiGo,18/03/2019,Kolkata,Banglore,CCU → BLR,15:20,17:55,2h 35m,non-stop,No info,4462
Jet Airways,21/03/2019,Delhi,Cochin,DEL → BDQ → BOM → COK,10:45,04:25 22 Mar,17h 40m,2 stops,In-flight meal not included,8367
Jet Airways,9/06/2019,Delhi,Cochin,DEL → NAG → BOM → COK,06:45,04:25 10 Jun,21h 40m,2 stops,No info,13376
Jet Airways,21/05/2019,Kolkata,Banglore,CCU → DEL → BLR,20:25,09:45 22 May,13h 20m,1 stop,No info,13067
IndiGo,21/05/2019,Kolkata,Banglore,CCU → BLR,14:25,16:55,2h 30m,non-stop,No info,5224
Multiple carriers,21/03/2019,Delhi,Cochin,DEL → BOM → COK,16:00,01:35 22 Mar,9h 35m,1 stop,No info,13542
GoAir,24/05/2019,Banglore,Delhi,BLR → DEL,07:45,10:40,2h 55m,non-stop,No info,3419
Multiple carriers,6/03/2019,Delhi,Cochin,DEL → HYD → MAA → COK,09:45,21:20,11h 35m,2 stops,No info,10444
IndiGo,1/06/2019,Kolkata,Banglore,CCU → BLR,09:35,12:10,2h 35m,non-stop,No info,4804
Jet Airways,21/05/2019,Mumbai,Hyderabad,BOM → HYD,07:05,08:30,1h 25m,non-stop,In-flight meal not included,4995
SpiceJet,27/04/2019,Delhi,Cochin,DEL → BLR → COK,17:55,22:50,4h 55m,1 stop,No info,4957
Jet Airways,9/05/2019,Delhi,Cochin,DEL → BOM → COK,20:55,04:25 10 May,7h 30m,1 stop,No info,15554
Jet Airways,1/05/2019,Kolkata,Banglore,CCU → BOM → BLR,20:00,12:00 02 May,16h,1 stop,In-flight meal not included,9663
Jet Airways,18/05/2019,Kolkata,Banglore,CCU → DEL → BLR,09:35,09:45 19 May,24h 10m,1 stop,No info,14151
IndiGo,6/06/2019,Delhi,Cochin,DEL → COK,05:35,08:50,3h 15m,non-stop,No info,5601
Multiple carriers,15/05/2019,Delhi,Cochin,DEL → BOM → COK,06:40,19:15,12h 35m,1 stop,No info,7787
Air India,21/03/2019,Banglore,New Delhi,BLR → MAA → DEL,11:50,23:55,12h 5m,1 stop,No info,5092
Jet Airways,6/06/2019,Kolkata,Banglore,CCU → BOM → BLR,21:10,09:20 07 Jun,12h 10m,1 stop,In-flight meal not included,10844
Multiple carriers,9/03/2019,Delhi,Cochin,DEL → IXU → BOM → COK,17:50,01:35 10 Mar,7h 45m,2 stops,No info,23583
Air India,12/05/2019,Kolkata,Banglore,CCU → BBI → BOM → BLR,12:00,18:30 13 May,30h 30m,2 stops,No info,10676
SpiceJet,6/06/2019,Kolkata,Banglore,CCU → IXB → BLR,11:15,18:30,7h 15m,1 stop,No info,10156
Air Asia,6/03/2019,Delhi,Cochin,DEL → BLR → COK,16:45,07:10 07 Mar,14h 25m,1 stop,No info,8627
Air Asia,21/05/2019,Kolkata,Banglore,CCU → BLR,09:45,12:15,2h 30m,non-stop,No info,4409
Multiple carriers,18/05/2019,Delhi,Cochin,DEL → HYD → COK,09:45,16:10,6h 25m,1 stop,No info,9646
Jet Airways,12/03/2019,Banglore,New Delhi,BLR → BOM → DEL,21:25,12:25 13 Mar,15h,1 stop,No info,13817
Air India,9/05/2019,Delhi,Cochin,DEL → UDR → BOM → COK,13:20,07:40 10 May,18h 20m,2 stops,No info,13538
Air India,9/05/2019,Kolkata,Banglore,CCU → BBI → BOM → BLR,12:00,07:55 10 May,19h 55m,2 stops,No info,9416
Jet Airways,27/04/2019,Banglore,Delhi,BLR → DEL,11:10,14:05,2h 55m,non-stop,No info,7229
Air India,1/05/2019,Kolkata,Banglore,CCU → DEL → BLR,10:00,23:15,13h 15m,1 stop,No info,10203
IndiGo,21/05/2019,Delhi,Cochin,DEL → HYD → COK,16:10,00:55 22 May,8h 45m,1 stop,No info,6778
IndiGo,15/06/2019,Mumbai,Hyderabad,BOM → HYD,12:00,13:30,1h 30m,non-stop,No info,2754
Air India,1/05/2019,Kolkata,Banglore,CCU → IXR → DEL → BLR,05:50,20:25,14h 35m,2 stops,No info,10991
Vistara,27/05/2019,Banglore,Delhi,BLR → DEL,11:30,14:20,2h 50m,non-stop,No info,4668
SpiceJet,3/06/2019,Delhi,Cochin,DEL → PNQ → COK,08:45,13:15,4h 30m,1 stop,No check-in baggage included,5726
Air India,12/06/2019,Kolkata,Banglore,CCU → GAU → DEL → BLR,09:50,23:15,13h 25m,2 stops,No info,14960
Air India,21/05/2019,Delhi,Cochin,DEL → MAA → COK,20:40,09:25 22 May,12h 45m,1 stop,No info,7480
Air Asia,21/05/2019,Kolkata,Banglore,CCU → BLR,19:55,22:25,2h 30m,non-stop,No info,4107
Jet Airways,1/05/2019,Kolkata,Banglore,CCU → DEL → BLR,09:35,09:45 02 May,24h 10m,1 stop,No info,11467
IndiGo,27/04/2019,Delhi,Cochin,DEL → MAA → COK,02:00,07:25,5h 25m,1 stop,No info,5796
Jet Airways,6/06/2019,Delhi,Cochin,DEL → BOM → COK,02:15,19:00,16h 45m,1 stop,In-flight meal not included,10262
Air India,27/06/2019,Delhi,Cochin,DEL → RPR → NAG → BOM → COK,05:15,07:40 28 Jun,26h 25m,3 stops,No info,11543
IndiGo,24/04/2019,Delhi,Cochin,DEL → HYD → COK,06:50,12:10,5h 20m,1 stop,No info,5298
Air Asia,27/04/2019,Delhi,Cochin,DEL → BLR → COK,20:45,07:10 28 Apr,10h 25m,1 stop,No info,6451
Air India,9/06/2019,Kolkata,Banglore,CCU → BLR,14:15,16:45,2h 30m,non-stop,No info,6245
Jet Airways,27/03/2019,Mumbai,Hyderabad,BOM → HYD,19:35,21:05,1h 30m,non-stop,In-flight meal not included,2071
IndiGo,15/05/2019,Kolkata,Banglore,CCU → BLR,09:35,12:20,2h 45m,non-stop,No info,4804
Multiple carriers,27/06/2019,Delhi,Cochin,DEL → BOM → COK,07:30,21:00,13h 30m,1 stop,No info,7005
Jet Airways,18/03/2019,Banglore,New Delhi,BLR → BOM → DEL,05:45,12:25,6h 40m,1 stop,No info,12284
Air India,9/05/2019,Kolkata,Banglore,CCU → DEL → BLR,07:00,20:25,13h 25m,1 stop,No info,10203
IndiGo,27/05/2019,Delhi,Cochin,DEL → HYD → COK,14:20,22:30,8h 10m,1 stop,No info,6938
Multiple carriers,12/06/2019,Delhi,Cochin,DEL → BOM → COK,10:00,01:30 13 Jun,15h 30m,1 stop,No info,13377
Multiple carriers,1/06/2019,Delhi,Cochin,DEL → BOM → COK,09:15,19:15,10h,1 stop,No info,9779
Air India,15/05/2019,Chennai,Kolkata,MAA → CCU,11:40,13:55,2h 15m,non-stop,No info,4667
Jet Airways,3/04/2019,Banglore,Delhi,BLR → DEL,19:50,22:50,3h,non-stop,In-flight meal not included,4544
Jet Airways,27/06/2019,Delhi,Cochin,DEL → BOM → COK,21:50,04:25 28 Jun,6h 35m,1 stop,No info,16079
Jet Airways,1/04/2019,Kolkata,Banglore,CCU → BOM → BLR,16:30,19:50 02 Apr,27h 20m,1 stop,In-flight meal not included,7064
Jet Airways,18/05/2019,Delhi,Cochin,DEL → BOM → COK,14:00,19:00,5h,1 stop,No info,15554
SpiceJet,18/05/2019,Chennai,Kolkata,MAA → CCU,09:45,12:00,2h 15m,non-stop,No check-in baggage included,3543
Air India,18/04/2019,Banglore,Delhi,BLR → DEL,13:20,16:10,2h 50m,non-stop,No info,6121
IndiGo,27/03/2019,Delhi,Cochin,DEL → BOM → COK,08:25,15:30,7h 5m,1 stop,No info,8075
Multiple carriers,3/06/2019,Delhi,Cochin,DEL → BOM → COK,11:30,01:30 04 Jun,14h,1 stop,No info,13377
Jet Airways,24/05/2019,Kolkata,Banglore,CCU → BOM → BLR,14:05,19:50,5h 45m,1 stop,No info,14571
SpiceJet,24/04/2019,Banglore,Delhi,BLR → DEL,05:55,08:35,2h 40m,non-stop,No check-in baggage included,3919
Jet Airways,24/03/2019,Kolkata,Banglore,CCU → BOM → BLR,18:55,04:45 25 Mar,9h 50m,1 stop,No info,14231
IndiGo,15/03/2019,Mumbai,Hyderabad,BOM → HYD,19:05,20:30,1h 25m,non-stop,No info,2754
Air India,21/05/2019,Delhi,Cochin,DEL → BLR → COK,17:40,23:00,5h 20m,1 stop,No info,8067
Vistara,6/05/2019,Kolkata,Banglore,CCU → DEL → BLR,07:10,22:40,15h 30m,1 stop,No info,8452
Jet Airways,06/03/2019,Banglore,New Delhi,BLR → BOM → DEL,14:05,11:25 07 Mar,21h 20m,1 stop,No info,15025
Jet Airways,01/03/2019,Banglore,New Delhi,BLR → BOM → DEL,08:55,16:10,7h 15m,1 stop,No info,26890
Jet Airways,6/03/2019,Delhi,Cochin,DEL → BOM → COK,13:00,18:50,5h 50m,1 stop,In-flight meal not included,15103
Jet Airways,24/05/2019,Kolkata,Banglore,CCU → BOM → BLR,14:05,04:40 25 May,14h 35m,1 stop,In-flight meal not included,8586
Jet Airways,9/06/2019,Kolkata,Banglore,CCU → BOM → BLR,08:25,16:20,7h 55m,1 stop,In-flight meal not included,10844
Jet Airways,21/05/2019,Delhi,Cochin,DEL → BOM → COK,21:50,04:25 22 May,6h 35m,1 stop,In-flight meal not included,12898
Jet Airways,12/05/2019,Kolkata,Banglore,CCU → BOM → BLR,06:30,08:15 13 May,25h 45m,1 stop,In-flight meal not included,8586
Multiple carriers,9/06/2019,Delhi,Cochin,DEL → BOM → COK,08:30,19:00,10h 30m,1 stop,No info,11622
Air India,6/05/2019,Delhi,Cochin,DEL → LKO → BOM → COK,12:20,19:15 07 May,30h 55m,2 stops,No info,13538
Jet Airways,1/06/2019,Delhi,Cochin,DEL → JAI → BOM → COK,05:30,04:25 02 Jun,22h 55m,2 stops,No info,13014
Jet Airways,9/05/2019,Kolkata,Banglore,CCU → BOM → BLR,18:55,10:05 10 May,15h 10m,1 stop,No info,13941
Jet Airways,18/05/2019,Kolkata,Banglore,CCU → DEL → BLR,09:35,10:55 19 May,25h 20m,1 stop,No info,14151
Multiple carriers,21/03/2019,Delhi,Cochin,DEL → BOM → COK,17:30,01:35 22 Mar,8h 5m,1 stop,No info,13542
IndiGo,21/03/2019,Delhi,Cochin,DEL → HYD → COK,06:40,22:20,15h 40m,1 stop,No info,6558
Air Asia,18/05/2019,Kolkata,Banglore,CCU → DEL → BLR,07:35,19:25,11h 50m,1 stop,No info,5192
Vistara,1/06/2019,Banglore,Delhi,BLR → DEL,07:00,09:40,2h 40m,non-stop,No info,4878
Jet Airways,27/05/2019,Delhi,Cochin,DEL → BOM → COK,15:00,12:35 28 May,21h 35m,1 stop,In-flight meal not included,12898
Air India,9/06/2019,Delhi,Cochin,DEL → BLR → COK,17:40,23:00,5h 20m,1 stop,No info,7384
GoAir,3/05/2019,Banglore,Delhi,BLR → DEL,07:45,10:40,2h 55m,non-stop,No info,3898
Air Asia,6/05/2019,Banglore,Delhi,BLR → DEL,23:55,02:45 07 May,2h 50m,non-stop,No info,3383
IndiGo,24/06/2019,Delhi,Cochin,DEL → BOM → COK,06:40,21:00,14h 20m,1 stop,No info,6093
Multiple carriers,12/06/2019,Delhi,Cochin,DEL → BOM → COK,08:00,19:00,11h,1 stop,No info,12192
Multiple carriers,12/06/2019,Delhi,Cochin,DEL → BOM → COK,12:50,01:30 13 Jun,12h 40m,1 stop,No info,6795
Jet Airways,18/03/2019,Banglore,New Delhi,BLR → BOM → DEL,07:00,07:40 16 Mar,24h 40m,1 stop,No info,11455
IndiGo,1/06/2019,Chennai,Kolkata,MAA → CCU,15:40,18:25,2h 45m,non-stop,No info,3540
Multiple carriers,27/05/2019,Delhi,Cochin,DEL → BOM → COK,09:00,19:15,10h 15m,1 stop,No info,15898
Multiple carriers,3/06/2019,Delhi,Cochin,DEL → BOM → COK,10:00,21:00,11h,1 stop,No info,9718
GoAir,15/05/2019,Kolkata,Banglore,CCU → AMD → BLR,16:40,00:15 16 May,7h 35m,1 stop,No info,7831
IndiGo,3/06/2019,Delhi,Cochin,DEL → BOM → COK,08:30,21:00,12h 30m,1 stop,No info,6416
Vistara,27/03/2019,Chennai,Kolkata,MAA → CCU,07:05,09:20,2h 15m,non-stop,No info,3739
Vistara,6/05/2019,Kolkata,Banglore,CCU → DEL → BLR,07:10,23:25,16h 15m,1 stop,No info,8085
IndiGo,3/05/2019,Banglore,Delhi,BLR → DEL,16:55,19:55,3h,non-stop,No info,4823
Jet Airways,9/06/2019,Delhi,Cochin,DEL → NAG → BOM → COK,14:35,12:35 10 Jun,22h,2 stops,No info,13376
Vistara,15/05/2019,Kolkata,Banglore,CCU → DEL → BLR,20:20,10:45 16 May,14h 25m,1 stop,No info,8452
Jet Airways,6/06/2019,Kolkata,Banglore,CCU → BOM → BLR,20:00,22:35 07 Jun,26h 35m,1 stop,In-flight meal not included,10844
Vistara,27/03/2019,Delhi,Cochin,DEL → COK,06:00,09:10,3h 10m,non-stop,No info,4851
Multiple carriers,15/06/2019,Delhi,Cochin,DEL → BOM → COK,19:00,01:30 16 Jun,6h 30m,1 stop,No info,6795
IndiGo,18/05/2019,Banglore,Delhi,BLR → DEL,08:30,11:20,2h 50m,non-stop,No info,4823
Jet Airways,9/06/2019,Delhi,Cochin,DEL → BOM → COK,20:55,04:25 10 Jun,7h 30m,1 stop,In-flight meal not included,10577
Jet Airways,27/03/2019,Delhi,Cochin,DEL → BOM → COK,20:50,19:45 28 Mar,22h 55m,1 stop,No info,12032
Air Asia,1/06/2019,Delhi,Cochin,DEL → BLR → COK,07:55,13:25,5h 30m,1 stop,No info,9330
Vistara,1/04/2019,Kolkata,Banglore,CCU → DEL → BLR,17:00,22:55,5h 55m,1 stop,No info,8977
Multiple carriers,1/06/2019,Delhi,Cochin,DEL → BOM → COK,12:50,21:00,8h 10m,1 stop,No info,7005
Jet Airways,18/05/2019,Kolkata,Banglore,CCU → BOM → BLR,14:05,20:45,6h 40m,1 stop,In-flight meal not included,10844
Multiple carriers,24/06/2019,Delhi,Cochin,DEL → BOM → COK,03:50,12:35,8h 45m,1 stop,No info,12192
Air India,24/03/2019,Banglore,New Delhi,BLR → DEL,10:00,12:45,2h 45m,non-stop,No info,4441
Multiple carriers,9/05/2019,Delhi,Cochin,DEL → BOM → COK,10:35,19:15,8h 40m,1 stop,No info,7575
IndiGo,21/06/2019,Kolkata,Banglore,CCU → BLR,04:40,07:15,2h 35m,non-stop,No info,4804
SpiceJet,6/06/2019,Chennai,Kolkata,MAA → CCU,09:45,12:00,2h 15m,non-stop,No info,3597
Air India,6/06/2019,Kolkata,Banglore,CCU → DEL → BLR,17:30,20:25 07 Jun,26h 55m,1 stop,No info,10413
Jet Airways,9/06/2019,Banglore,Delhi,BLR → DEL,06:00,08:45,2h 45m,non-stop,No info,8016
Jet Airways,9/06/2019,Kolkata,Banglore,CCU → BOM → BLR,20:00,12:00 10 Jun,16h,1 stop,In-flight meal not included,10844
Jet Airways,12/05/2019,Kolkata,Banglore,CCU → BOM → BLR,16:30,09:20 13 May,16h 50m,1 stop,In-flight meal not included,9663
IndiGo,18/05/2019,Delhi,Cochin,DEL → BOM → COK,20:25,01:30 19 May,5h 5m,1 stop,No info,6069
IndiGo,27/05/2019,Delhi,Cochin,DEL → HYD → COK,11:55,22:30,10h 35m,1 stop,No info,6442
Multiple carriers,1/06/2019,Delhi,Cochin,DEL → BOM → COK,09:00,21:00,12h,1 stop,No info,13587
Air India,9/05/2019,Mumbai,Hyderabad,BOM → HYD,19:30,20:45,1h 15m,non-stop,No info,3100
Jet Airways,21/05/2019,Kolkata,Banglore,CCU → BOM → BLR,06:30,18:15,11h 45m,1 stop,No info,14781
Jet Airways,21/05/2019,Delhi,Cochin,DEL → BOM → COK,21:50,19:00 22 May,21h 10m,1 stop,In-flight meal not included,12898
IndiGo,18/06/2019,Kolkata,Banglore,CCU → BLR,14:25,16:55,2h 30m,non-stop,No info,4804
SpiceJet,15/04/2019,Kolkata,Banglore,CCU → BLR,09:00,11:25,2h 25m,non-stop,No info,4174
IndiGo,24/05/2019,Banglore,Delhi,BLR → DEL,23:30,02:20 25 May,2h 50m,non-stop,No info,4591
Jet Airways,6/05/2019,Kolkata,Banglore,CCU → BOM → BLR,16:30,19:50 07 May,27h 20m,1 stop,In-flight meal not included,9663
Multiple carriers,15/05/2019,Delhi,Cochin,DEL → BOM → COK,08:45,19:15,10h 30m,1 stop,No info,8266
IndiGo,6/05/2019,Banglore,Delhi,BLR → DEL,07:10,10:05,2h 55m,non-stop,No info,4823
Air India,21/05/2019,Delhi,Cochin,DEL → COK,18:05,21:10,3h 5m,non-stop,No info,6094
Jet Airways,24/05/2019,Kolkata,Banglore,CCU → BOM → BLR,21:10,04:40 25 May,7h 30m,1 stop,No info,14178
Jet Airways,9/06/2019,Delhi,Cochin,DEL → NAG → BOM → COK,06:45,12:35 10 Jun,29h 50m,2 stops,No info,13376
Air India,24/03/2019,Mumbai,Hyderabad,BOM → HYD,21:05,22:25,1h 20m,non-stop,No info,2575
Vistara,6/03/2019,Mumbai,Hyderabad,BOM → DEL → HYD,07:30,19:55,12h 25m,1 stop,No info,12395
IndiGo,27/03/2019,Delhi,Cochin,DEL → BOM → COK,09:10,21:00,11h 50m,1 stop,No info,10351
Air Asia,21/05/2019,Kolkata,Banglore,CCU → DEL → BLR,07:35,23:30,15h 55m,1 stop,No info,5192
Multiple carriers,15/05/2019,Delhi,Cochin,DEL → BOM → COK,12:50,21:00,8h 10m,1 stop,No info,7670
Air India,18/03/2019,Banglore,New Delhi,BLR → CCU → GAU → DEL,11:05,22:10 16 Mar,35h 5m,2 stops,No info,11161
Jet Airways,24/05/2019,Kolkata,Banglore,CCU → DEL → BLR,20:25,18:00 25 May,21h 35m,1 stop,No info,14151
IndiGo,6/05/2019,Kolkata,Banglore,CCU → HYD → BLR,15:15,20:05,4h 50m,1 stop,No info,4775
Air India,6/03/2019,Delhi,Cochin,DEL → HYD → MAA → COK,13:05,09:25 07 Mar,20h 20m,2 stops,No info,12865
Air India,6/03/2019,Mumbai,Hyderabad,BOM → HYD,19:30,20:45,1h 15m,non-stop,No info,5462
SpiceJet,9/03/2019,Delhi,Cochin,DEL → MAA → COK,06:10,11:20,5h 10m,1 stop,No info,8382
Jet Airways,24/04/2019,Banglore,Delhi,BLR → DEL,17:45,20:45,3h,non-stop,In-flight meal not included,4544
Jet Airways,1/04/2019,Banglore,Delhi,BLR → DEL,15:15,18:10,2h 55m,non-stop,In-flight meal not included,4544
Jet Airways,18/05/2019,Kolkata,Banglore,CCU → BOM → BLR,16:30,23:35,7h 5m,1 stop,No info,14781
SpiceJet,27/05/2019,Delhi,Cochin,DEL → PNQ → COK,08:45,13:15,4h 30m,1 stop,No check-in baggage included,5158
Jet Airways,21/03/2019,Mumbai,Hyderabad,BOM → HYD,15:50,17:20,1h 30m,non-stop,No info,5678
Jet Airways,9/06/2019,Delhi,Cochin,DEL → JDH → BOM → COK,11:40,19:00,7h 20m,2 stops,No info,18804
IndiGo,3/06/2019,Mumbai,Hyderabad,BOM → HYD,09:10,10:40,1h 30m,non-stop,No info,4049
IndiGo,24/03/2019,Kolkata,Banglore,CCU → BLR,10:10,12:55,2h 45m,non-stop,No info,6565
Jet Airways,18/05/2019,Delhi,Cochin,DEL → BOM → COK,18:15,12:35 19 May,18h 20m,1 stop,In-flight meal not included,12373
Air India,18/03/2019,Banglore,New Delhi,BLR → DEL,17:00,19:45,2h 45m,non-stop,No info,4441
SpiceJet,18/05/2019,Chennai,Kolkata,MAA → CCU,17:45,20:05,2h 20m,non-stop,No info,3597
Jet Airways,18/06/2019,Mumbai,Hyderabad,BOM → HYD,19:35,21:05,1h 30m,non-stop,No info,5678
Air India,9/03/2019,Delhi,Cochin,DEL → HYD → MAA → COK,09:45,09:25 10 Mar,23h 40m,2 stops,No info,10660
Jet Airways,21/04/2019,Banglore,Delhi,BLR → DEL,06:00,08:45,2h 45m,non-stop,In-flight meal not included,4544
IndiGo,24/05/2019,Banglore,Delhi,BLR → DEL,08:30,11:20,2h 50m,non-stop,No info,4823
Air India,9/05/2019,Kolkata,Banglore,CCU → VNS → DEL → BLR,14:30,23:15,8h 45m,2 stops,No info,14214
Jet Airways,1/05/2019,Kolkata,Banglore,CCU → BOM → BLR,08:25,16:20,7h 55m,1 stop,No info,14781
Multiple carriers,1/03/2019,Delhi,Cochin,DEL → BOM → COK,19:00,01:35 02 Mar,6h 35m,1 stop,No info,23533
Jet Airways,9/03/2019,Delhi,Cochin,DEL → BOM → COK,19:15,18:50 10 Mar,23h 35m,1 stop,In-flight meal not included,14053
Jet Airways,27/06/2019,Delhi,Cochin,DEL → BOM → COK,21:50,19:00 28 Jun,21h 10m,1 stop,In-flight meal not included,10262
IndiGo,21/06/2019,Banglore,Delhi,BLR → DEL,20:00,22:50,2h 50m,non-stop,No info,4823
Air India,18/05/2019,Delhi,Cochin,DEL → BLR → COK,17:40,08:15 19 May,14h 35m,1 stop,No info,8361
Air India,9/06/2019,Delhi,Cochin,DEL → NAG → BOM → COK,05:55,19:15 10 Jun,37h 20m,2 stops,No info,10493
Multiple carriers,3/03/2019,Delhi,Cochin,DEL → BOM → COK,07:05,13:20,6h 15m,1 stop,No info,17057
Air India,18/05/2019,Delhi,Cochin,DEL → HYD → BOM → COK,17:15,19:15 19 May,26h,2 stops,No info,12392
IndiGo,12/06/2019,Delhi,Cochin,DEL → BOM → COK,11:25,01:30 13 Jun,14h 5m,1 stop,No info,5883
Jet Airways,21/05/2019,Delhi,Cochin,DEL → BOM → COK,11:30,19:00,7h 30m,1 stop,In-flight meal not included,12898
Jet Airways,21/05/2019,Delhi,Cochin,DEL → BOM → COK,02:15,19:00,16h 45m,1 stop,No info,16079
Multiple carriers,12/06/2019,Delhi,Cochin,DEL → BOM → COK,04:55,12:35,7h 40m,1 stop,No info,10678
Air India,01/03/2019,Banglore,New Delhi,BLR → BOM → IDR → DEL,06:45,11:10 02 Mar,28h 25m,2 stops,No info,20999
IndiGo,21/03/2019,Banglore,New Delhi,BLR → BOM → DEL,19:35,00:35 19 Mar,5h,1 stop,No info,6575
Jet Airways,21/05/2019,Delhi,Cochin,DEL → JAI → BOM → COK,19:30,04:25 22 May,8h 55m,2 stops,No info,15129
Jet Airways,6/06/2019,Kolkata,Banglore,CCU → BOM → BLR,18:55,18:15 07 Jun,23h 20m,1 stop,In-flight meal not included,10844
Air India,03/03/2019,Banglore,New Delhi,BLR → BBI → DEL,09:30,23:45,14h 15m,1 stop,No info,11654
IndiGo,1/04/2019,Kolkata,Banglore,CCU → MAA → BLR,08:10,13:00,4h 50m,1 stop,No info,5069
Air India,1/04/2019,Banglore,Delhi,BLR → DEL,06:10,08:55,2h 45m,non-stop,No info,5176
Jet Airways,9/06/2019,Delhi,Cochin,DEL → IDR → BOM → COK,05:30,04:25 10 Jun,22h 55m,2 stops,No info,13292
IndiGo,6/06/2019,Delhi,Cochin,DEL → BLR → COK,02:00,07:45,5h 45m,1 stop,No info,6386
Jet Airways,21/05/2019,Delhi,Cochin,DEL → AMD → BOM → COK,13:25,19:00 22 May,29h 35m,2 stops,No info,15129
Air India,6/03/2019,Kolkata,Banglore,CCU → BLR,20:45,23:20,2h 35m,non-stop,No info,4435
IndiGo,18/05/2019,Banglore,Delhi,BLR → DEL,23:30,02:20 19 May,2h 50m,non-stop,No info,4591
Jet Airways,21/03/2019,Banglore,New Delhi,BLR → BOM → DEL,05:45,23:00,17h 15m,1 stop,In-flight meal not included,7832
IndiGo,12/04/2019,Kolkata,Banglore,CCU → BLR,04:40,07:15,2h 35m,non-stop,No info,4174
Multiple carriers,27/03/2019,Delhi,Cochin,DEL → BOM → COK,07:00,15:30,8h 30m,1 stop,No info,6148
Multiple carriers,27/05/2019,Delhi,Cochin,DEL → BOM → COK,09:15,19:15,10h,1 stop,No info,9149
Multiple carriers,27/03/2019,Delhi,Cochin,DEL → HYD → MAA → COK,13:05,21:20,8h 15m,2 stops,No info,6128
IndiGo,27/03/2019,Delhi,Cochin,DEL → HYD → COK,16:10,22:20,6h 10m,1 stop,No info,6412
Multiple carriers,18/05/2019,Delhi,Cochin,DEL → BOM → COK,08:00,21:00,13h,1 stop,No info,8073
Jet Airways,24/06/2019,Delhi,Cochin,DEL → COK,11:00,14:15,3h 15m,non-stop,In-flight meal not included,4256
Air India,12/05/2019,Kolkata,Banglore,CCU → DEL → AMD → BLR,10:00,05:25 13 May,19h 25m,2 stops,No info,14634
Multiple carriers,21/05/2019,Delhi,Cochin,DEL → BOM → COK,13:00,21:00,8h,1 stop,No info,14067
IndiGo,6/05/2019,Kolkata,Banglore,CCU → BLR,15:30,18:05,2h 35m,non-stop,No info,4804
SpiceJet,21/04/2019,Kolkata,Banglore,CCU → BLR,17:10,19:40,2h 30m,non-stop,No info,4911
IndiGo,9/06/2019,Delhi,Cochin,DEL → HYD → COK,16:10,22:30,6h 20m,1 stop,No info,6412
SpiceJet,15/06/2019,Chennai,Kolkata,MAA → CCU,08:20,10:35,2h 15m,non-stop,No check-in baggage included,3543
IndiGo,6/06/2019,Chennai,Kolkata,MAA → CCU,11:35,14:00,2h 25m,non-stop,No info,3858
Air India,15/05/2019,Kolkata,Banglore,CCU → BBI → BOM → BLR,12:00,07:55 16 May,19h 55m,2 stops,No info,9941
Jet Airways,9/04/2019,Banglore,Delhi,BLR → DEL,08:20,11:20,3h,non-stop,No info,7229
GoAir,03/03/2019,Banglore,New Delhi,BLR → GOI → DEL,15:45,20:15,4h 30m,1 stop,No info,8352
Jet Airways,12/05/2019,Kolkata,Banglore,CCU → DEL → BLR,09:35,22:05,12h 30m,1 stop,No info,14151
Multiple carriers,6/06/2019,Delhi,Cochin,DEL → BOM → COK,17:45,01:30 07 Jun,7h 45m,1 stop,No info,6795
IndiGo,3/05/2019,Kolkata,Banglore,CCU → BLR,20:20,22:55,2h 35m,non-stop,No info,4804
Air India,6/06/2019,Delhi,Cochin,DEL → TRV → COK,05:15,06:50 07 Jun,25h 35m,1 stop,No info,6587
GoAir,3/04/2019,Delhi,Cochin,DEL → AMD → COK,07:25,13:35,6h 10m,1 stop,No info,4106
Air India,18/04/2019,Kolkata,Banglore,CCU → BLR,14:15,16:45,2h 30m,non-stop,No info,5510
Jet Airways,9/05/2019,Delhi,Cochin,DEL → JAI → BOM → COK,09:40,19:00,9h 20m,2 stops,No info,15129
Jet Airways,9/05/2019,Delhi,Cochin,DEL → JAI → BOM → COK,09:40,04:25 10 May,18h 45m,2 stops,In-flight meal not included,13029
IndiGo,15/06/2019,Delhi,Cochin,DEL → MAA → COK,07:15,12:30,5h 15m,1 stop,No info,6582
Multiple carriers,27/06/2019,Delhi,Cochin,DEL → BOM → COK,17:45,01:30 28 Jun,7h 45m,1 stop,In-flight meal not included,5797
Jet Airways,12/06/2019,Kolkata,Banglore,CCU → DEL → BLR,20:25,10:55 13 Jun,14h 30m,1 stop,No info,12692
SpiceJet,27/03/2019,Chennai,Kolkata,MAA → CCU,08:20,10:35,2h 15m,non-stop,No check-in baggage included,3332
Air India,9/06/2019,Kolkata,Banglore,CCU → BBI → BOM → BLR,12:00,07:55 10 Jun,19h 55m,2 stops,No info,10151
IndiGo,6/04/2019,Delhi,Cochin,DEL → MAA → COK,02:00,07:25,5h 25m,1 stop,No info,5046
Air India,15/06/2019,Delhi,Cochin,DEL → BLR → COK,06:10,23:00,16h 50m,1 stop,No info,8907
Air India,6/05/2019,Banglore,Delhi,BLR → DEL,21:05,23:55,2h 50m,non-stop,No info,5228
IndiGo,3/03/2019,Delhi,Cochin,DEL → LKO → COK,05:35,10:10,4h 35m,1 stop,No info,13753
Jet Airways,09/03/2019,Banglore,New Delhi,BLR → BOM → DEL,08:55,21:20,12h 25m,1 stop,In-flight meal not included,11087
Jet Airways,18/05/2019,Kolkata,Banglore,CCU → BOM → BLR,14:05,23:35,9h 30m,1 stop,No info,14781
IndiGo,6/05/2019,Kolkata,Banglore,CCU → BLR,11:30,14:05,2h 35m,non-stop,No info,5224
Jet Airways,6/05/2019,Banglore,Delhi,BLR → DEL,15:15,18:10,2h 55m,non-stop,In-flight meal not included,3702
IndiGo,18/03/2019,Mumbai,Hyderabad,BOM → HYD,19:05,20:30,1h 25m,non-stop,No info,2754
Air Asia,24/05/2019,Banglore,Delhi,BLR → DEL,11:10,13:55,2h 45m,non-stop,No info,3383
Air India,15/04/2019,Banglore,Delhi,BLR → DEL,13:20,16:10,2h 50m,non-stop,No info,5228
IndiGo,27/05/2019,Delhi,Cochin,DEL → BOM → COK,20:25,01:30 28 May,5h 5m,1 stop,No info,5054
Jet Airways,18/03/2019,Banglore,New Delhi,BLR → BOM → DEL,08:55,19:10,10h 15m,1 stop,No info,13555
Multiple carriers,1/06/2019,Delhi,Cochin,DEL → BOM → COK,17:00,01:30 02 Jun,8h 30m,1 stop,No info,7408
IndiGo,24/05/2019,Kolkata,Banglore,CCU → BLR,14:25,16:55,2h 30m,non-stop,No info,5224
IndiGo,01/03/2019,Banglore,New Delhi,BLR → HYD → DEL,12:10,17:05,4h 55m,1 stop,No info,9694
IndiGo,21/03/2019,Delhi,Cochin,DEL → BOM → COK,17:10,01:35 22 Mar,8h 25m,1 stop,No info,7318
IndiGo,21/05/2019,Delhi,Cochin,DEL → HYD → COK,07:35,12:10,4h 35m,1 stop,No info,5054
Jet Airways,1/05/2019,Banglore,Delhi,BLR → DEL,18:55,22:00,3h 5m,non-stop,In-flight meal not included,4030
Jet Airways,06/03/2019,Banglore,New Delhi,BLR → BOM → DEL,08:00,18:25,10h 25m,1 stop,No info,16736
Air India,18/03/2019,Mumbai,Hyderabad,BOM → HYD,19:30,20:45,1h 15m,non-stop,No info,2050
Air India,12/03/2019,Mumbai,Hyderabad,BOM → AMD → ISK → HYD,01:35,14:50,13h 15m,2 stops,No info,9977
Jet Airways,6/06/2019,Delhi,Cochin,DEL → JAI → BOM → COK,05:30,04:25 07 Jun,22h 55m,2 stops,In-flight meal not included,10368
IndiGo,9/03/2019,Delhi,Cochin,DEL → AMD → COK,07:45,13:40,5h 55m,1 stop,No info,6755
Jet Airways,15/05/2019,Banglore,Delhi,BLR → DEL,15:15,18:10,2h 55m,non-stop,In-flight meal not included,3502
Air India,24/06/2019,Banglore,Delhi,BLR → DEL,10:00,12:45,2h 45m,non-stop,No info,6961
Jet Airways,9/04/2019,Banglore,Delhi,BLR → DEL,15:50,18:45,2h 55m,non-stop,In-flight meal not included,4544
SpiceJet,18/05/2019,Kolkata,Banglore,CCU → BLR,14:55,17:25,2h 30m,non-stop,No check-in baggage included,3841
Jet Airways,6/03/2019,Mumbai,Hyderabad,BOM → DED → DEL → HYD,14:20,16:50 07 Mar,26h 30m,2 stops,No info,24115
Vistara,24/05/2019,Kolkata,Banglore,CCU → DEL → BLR,07:10,09:05 25 May,25h 55m,1 stop,No info,9502
Air India,1/04/2019,Mumbai,Hyderabad,BOM → HYD,06:20,07:40,1h 20m,non-stop,No info,3100
SpiceJet,15/04/2019,Banglore,Delhi,BLR → DEL,05:55,08:35,2h 40m,non-stop,No check-in baggage included,4319
IndiGo,1/05/2019,Mumbai,Hyderabad,BOM → HYD,20:05,21:40,1h 35m,non-stop,No info,2227
SpiceJet,24/03/2019,Kolkata,Banglore,CCU → BLR,22:20,00:40 25 Mar,2h 20m,non-stop,No info,5831
IndiGo,9/06/2019,Kolkata,Banglore,CCU → BLR,21:25,00:05 10 Jun,2h 40m,non-stop,No info,4804
IndiGo,6/06/2019,Delhi,Cochin,DEL → HYD → COK,07:35,12:10,4h 35m,1 stop,No info,5458
Jet Airways,9/06/2019,Banglore,Delhi,BLR → DEL,18:55,22:00,3h 5m,non-stop,In-flight meal not included,7229
Jet Airways,6/06/2019,Kolkata,Banglore,CCU → BOM → BLR,18:55,10:05 07 Jun,15h 10m,1 stop,No info,14571
SpiceJet,9/06/2019,Banglore,Delhi,BLR → DEL,21:10,00:05 10 Jun,2h 55m,non-stop,No check-in baggage included,3919
Multiple carriers,9/03/2019,Delhi,Cochin,DEL → HYD → COK,07:05,16:10,9h 5m,1 stop,No info,6916
Jet Airways,27/03/2019,Delhi,Cochin,DEL → BOM → COK,13:00,04:25 28 Mar,15h 25m,1 stop,In-flight meal not included,6960
Jet Airways,06/03/2019,Banglore,New Delhi,BLR → MAA → DEL,09:45,14:25,4h 40m,1 stop,No info,16757
IndiGo,6/03/2019,Delhi,Cochin,DEL → BOM → COK,16:00,01:35 07 Mar,9h 35m,1 stop,No info,14871
IndiGo,12/06/2019,Delhi,Cochin,DEL → HYD → COK,07:35,12:10,4h 35m,1 stop,No info,5054
Air India,3/06/2019,Delhi,Cochin,DEL → LKO → BOM → COK,12:20,19:15 04 Jun,30h 55m,2 stops,No info,12488
IndiGo,15/04/2019,Banglore,Delhi,BLR → DEL,18:25,21:20,2h 55m,non-stop,No info,4823
Air India,9/03/2019,Delhi,Cochin,DEL → BHO → BOM → COK,05:55,19:15 10 Mar,37h 20m,2 stops,No info,14483
Air India,24/06/2019,Delhi,Cochin,DEL → HYD → BOM → COK,17:15,19:15 25 Jun,26h,2 stops,No info,11989
Jet Airways,21/05/2019,Delhi,Cochin,DEL → BOM → COK,22:50,19:00 22 May,20h 10m,1 stop,No info,16079
Jet Airways,6/05/2019,Kolkata,Banglore,CCU → DEL → BLR,09:35,10:55 07 May,25h 20m,1 stop,No info,13067
IndiGo,12/06/2019,Delhi,Cochin,DEL → HYD → COK,05:05,16:10,11h 5m,1 stop,No info,6818
Jet Airways,12/05/2019,Kolkata,Banglore,CCU → BOM → BLR,08:25,08:15 13 May,23h 50m,1 stop,No info,13941
Multiple carriers,24/06/2019,Delhi,Cochin,DEL → BOM → COK,09:00,19:00,10h,1 stop,No info,12927
IndiGo,15/05/2019,Kolkata,Banglore,CCU → BLR,22:15,00:50 16 May,2h 35m,non-stop,No info,4804
Jet Airways,1/04/2019,Delhi,Cochin,DEL → BOM → COK,16:00,12:35 02 Apr,20h 35m,1 stop,In-flight meal not included,5406
IndiGo,21/03/2019,Delhi,Cochin,DEL → BOM → COK,10:45,01:35 22 Mar,14h 50m,1 stop,No info,7318
IndiGo,21/03/2019,Chennai,Kolkata,MAA → CCU,07:55,10:15,2h 20m,non-stop,No info,3384
Air Asia,3/06/2019,Delhi,Cochin,DEL → BLR → COK,20:45,06:35 04 Jun,9h 50m,1 stop,No info,11410
Jet Airways,15/03/2019,Banglore,New Delhi,BLR → BOM → DEL,05:45,13:15,7h 30m,1 stop,In-flight meal not included,9134
Jet Airways,21/03/2019,Banglore,New Delhi,BLR → BOM → DEL,14:05,21:20,7h 15m,1 stop,In-flight meal not included,7832
Jet Airways,06/03/2019,Banglore,New Delhi,BLR → BOM → DEL,08:55,07:40 07 Mar,22h 45m,1 stop,No info,14815
IndiGo,3/06/2019,Banglore,Delhi,BLR → DEL,23:30,02:20 04 Jun,2h 50m,non-stop,No info,4591
Jet Airways,9/05/2019,Delhi,Cochin,DEL → BOM → COK,22:50,19:00 10 May,20h 10m,1 stop,In-flight meal not included,12373
Air Asia,09/03/2019,Banglore,New Delhi,BLR → DEL,05:50,08:40,2h 50m,non-stop,No info,4284
Jet Airways,18/05/2019,Kolkata,Banglore,CCU → BOM → BLR,05:45,04:40 19 May,22h 55m,1 stop,No info,13941
Jet Airways,9/03/2019,Delhi,Cochin,DEL → BOM → COK,17:25,18:50 10 Mar,25h 25m,1 stop,No info,16289
IndiGo,24/06/2019,Delhi,Cochin,DEL → PNQ → COK,23:30,04:35 25 Jun,5h 5m,1 stop,No info,9165
Jet Airways,21/06/2019,Banglore,Delhi,BLR → DEL,06:00,08:45,2h 45m,non-stop,No info,8016
Air Asia,1/04/2019,Kolkata,Banglore,CCU → DEL → BLR,22:40,10:40 02 Apr,12h,1 stop,No info,5192
Jet Airways,9/06/2019,Kolkata,Banglore,CCU → BOM → BLR,21:10,08:15 10 Jun,11h 5m,1 stop,No info,14939
Jet Airways,01/03/2019,Banglore,New Delhi,BLR → BOM → DEL,11:40,09:30 02 Mar,21h 50m,1 stop,No info,25735
Multiple carriers,3/06/2019,Delhi,Cochin,DEL → BOM → COK,10:00,19:00,9h,1 stop,No info,14502
Jet Airways,12/03/2019,Banglore,New Delhi,BLR → BOM → DEL,22:55,12:25 13 Mar,13h 30m,1 stop,No info,13817
Jet Airways,24/05/2019,Kolkata,Banglore,CCU → DEL → BLR,09:35,18:00,8h 25m,1 stop,No info,14151
Multiple carriers,6/03/2019,Delhi,Cochin,DEL → BOM → COK,10:45,19:15,8h 30m,1 stop,No info,15077
Multiple carriers,12/06/2019,Delhi,Cochin,DEL → BOM → COK,09:00,19:00,10h,1 stop,No info,12192
SpiceJet,21/05/2019,Mumbai,Hyderabad,BOM → HYD,13:15,14:45,1h 30m,non-stop,No check-in baggage included,1965
IndiGo,18/05/2019,Chennai,Kolkata,MAA → CCU,07:55,10:15,2h 20m,non-stop,No info,3850
IndiGo,1/06/2019,Mumbai,Hyderabad,BOM → HYD,16:55,18:25,1h 30m,non-stop,No info,3175
Jet Airways,21/05/2019,Banglore,Delhi,BLR → DEL,18:55,22:00,3h 5m,non-stop,No info,7229
Jet Airways,27/05/2019,Delhi,Cochin,DEL → BOM → COK,19:15,19:00 28 May,23h 45m,1 stop,No info,16079
IndiGo,27/03/2019,Mumbai,Hyderabad,BOM → HYD,09:10,10:40,1h 30m,non-stop,No info,4392
Jet Airways,18/03/2019,Banglore,New Delhi,BLR → BOM → DEL,18:40,00:45 16 Mar,6h 5m,1 stop,No info,54826
Jet Airways,15/06/2019,Delhi,Cochin,DEL → JAI → BOM → COK,09:40,19:00,9h 20m,2 stops,In-flight meal not included,10368
Jet Airways,27/05/2019,Delhi,Cochin,DEL → BOM → COK,22:50,19:00 28 May,20h 10m,1 stop,In-flight meal not included,12898
Air India,1/05/2019,Kolkata,Banglore,CCU → GAU → DEL → BLR,16:45,12:30 02 May,19h 45m,2 stops,No info,14960
IndiGo,27/05/2019,Delhi,Cochin,DEL → HYD → COK,08:35,22:30,13h 55m,1 stop,No info,6442
SpiceJet,21/05/2019,Chennai,Kolkata,MAA → CCU,08:20,10:35,2h 15m,non-stop,No info,3597
Jet Airways,6/06/2019,Delhi,Cochin,DEL → JDH → BOM → COK,11:40,19:00,7h 20m,2 stops,No info,18804
Vistara,15/03/2019,Delhi,Cochin,DEL → COK,06:00,09:10,3h 10m,non-stop,No info,6111
IndiGo,9/06/2019,Delhi,Cochin,DEL → COK,21:05,00:20 10 Jun,3h 15m,non-stop,No info,6015
Air India,18/05/2019,Banglore,Delhi,BLR → DEL,13:20,16:10,2h 50m,non-stop,No info,6121
Jet Airways,24/05/2019,Kolkata,Banglore,CCU → GAU → BLR,10:20,17:35,7h 15m,1 stop,In-flight meal not included,6287
Jet Airways,9/05/2019,Banglore,Delhi,BLR → DEL,15:15,18:10,2h 55m,non-stop,No info,7229
IndiGo,12/06/2019,Delhi,Cochin,DEL → HYD → COK,08:35,16:10,7h 35m,1 stop,No info,6442
Jet Airways,27/04/2019,Banglore,Delhi,BLR → DEL,15:15,18:10,2h 55m,non-stop,In-flight meal not included,4544
Air India,12/06/2019,Kolkata,Banglore,CCU → BOM → COK → BLR,09:25,13:45 13 Jun,28h 20m,2 stops,No info,11542
Jet Airways,21/05/2019,Delhi,Cochin,DEL → BOM → COK,19:45,04:25 22 May,8h 40m,1 stop,No info,16079
Multiple carriers,27/03/2019,Delhi,Cochin,DEL → HYD → COK,07:05,16:10,9h 5m,1 stop,No info,6076
Air India,1/04/2019,Kolkata,Banglore,CCU → DEL → COK → BLR,10:00,01:20 02 Apr,15h 20m,2 stops,No info,10408
Air India,27/03/2019,Delhi,Cochin,DEL → NAG → BOM → COK,05:55,19:15 28 Mar,37h 20m,2 stops,No info,8446
GoAir,01/03/2019,Banglore,New Delhi,BLR → DEL,07:45,10:40,2h 55m,non-stop,No info,13663
Air India,15/05/2019,Delhi,Cochin,DEL → BLR → COK,20:30,08:15 16 May,11h 45m,1 stop,No info,10671
Air Asia,18/06/2019,Banglore,Delhi,BLR → DEL,23:55,02:45 19 Jun,2h 50m,non-stop,No info,3383
Multiple carriers,9/05/2019,Delhi,Cochin,DEL → BOM → COK,10:20,01:30 10 May,15h 10m,1 stop,No info,9021
Multiple carriers,18/05/2019,Delhi,Cochin,DEL → BOM → COK,09:00,19:15,10h 15m,1 stop,No info,14533
Jet Airways,6/06/2019,Delhi,Cochin,DEL → LKO → BOM → COK,11:45,04:25 07 Jun,16h 40m,2 stops,In-flight meal not included,11992
IndiGo,12/05/2019,Chennai,Kolkata,MAA → CCU,13:15,15:35,2h 20m,non-stop,No info,3597
IndiGo,9/06/2019,Banglore,Delhi,BLR → DEL,01:30,04:15,2h 45m,non-stop,No info,4077
Multiple carriers,12/06/2019,Delhi,Cochin,DEL → HYD → COK,07:05,16:10,9h 5m,1 stop,No info,9646
SpiceJet,1/04/2019,Kolkata,Banglore,CCU → BLR,22:20,00:40 02 Apr,2h 20m,non-stop,No info,3873
Jet Airways,9/05/2019,Delhi,Cochin,DEL → AMD → BOM → COK,19:10,19:00 10 May,23h 50m,2 stops,No info,15129
IndiGo,9/06/2019,Delhi,Cochin,DEL → BOM → COK,17:30,01:30 10 Jun,8h,1 stop,No info,6104
Jet Airways,6/03/2019,Delhi,Cochin,DEL → AMD → BOM → COK,19:10,04:25 08 Mar,33h 15m,2 stops,In-flight meal not included,16022
Jet Airways,09/03/2019,Banglore,New Delhi,BLR → MAA → DEL,09:45,00:30 13 Mar,14h 45m,1 stop,In-flight meal not included,10562
Air India,9/03/2019,Delhi,Cochin,DEL → MAA → COK,06:05,09:25 10 Mar,27h 20m,1 stop,No info,10945
SpiceJet,27/05/2019,Kolkata,Banglore,CCU → BLR,09:00,11:25,2h 25m,non-stop,No info,3873
Jet Airways,27/03/2019,Mumbai,Hyderabad,BOM → HYD,02:55,04:25,1h 30m,non-stop,In-flight meal not included,1840
IndiGo,3/03/2019,Delhi,Cochin,DEL → HYD → COK,04:55,12:00,7h 5m,1 stop,No info,9585
Jet Airways,18/05/2019,Mumbai,Hyderabad,BOM → HYD,19:35,21:05,1h 30m,non-stop,In-flight meal not included,3210
IndiGo,9/05/2019,Delhi,Cochin,DEL → BLR → COK,15:10,20:00,4h 50m,1 stop,No info,6147
Jet Airways,9/05/2019,Kolkata,Banglore,CCU → DEL → BLR,17:00,23:35,6h 35m,1 stop,In-flight meal not included,7341
Air India,21/05/2019,Delhi,Cochin,DEL → BOM → COK,09:00,19:15,10h 15m,1 stop,No info,8372
Multiple carriers,27/06/2019,Delhi,Cochin,DEL → BOM → COK,07:30,19:00,11h 30m,1 stop,No info,10877
Air India,9/05/2019,Delhi,Cochin,DEL → GOI → BOM → COK,22:00,19:15 10 May,21h 15m,2 stops,No info,10441
IndiGo,6/03/2019,Delhi,Cochin,DEL → BOM → COK,04:45,21:00,16h 15m,1 stop,No info,13611
Jet Airways,09/03/2019,Banglore,New Delhi,BLR → BOM → DEL,08:55,10:45 13 Mar,25h 50m,1 stop,In-flight meal not included,11087
Jet Airways,27/03/2019,Delhi,Cochin,DEL → BOM → COK,19:15,19:45 28 Mar,24h 30m,1 stop,In-flight meal not included,5963
IndiGo,24/05/2019,Chennai,Kolkata,MAA → CCU,13:15,15:35,2h 20m,non-stop,No info,3597
Jet Airways,12/06/2019,Kolkata,Banglore,CCU → BOM → BLR,18:55,10:05 13 Jun,15h 10m,1 stop,In-flight meal not included,8529
Multiple carriers,12/06/2019,Delhi,Cochin,DEL → BOM → COK,04:55,19:00,14h 5m,1 stop,No info,10678
IndiGo,27/03/2019,Delhi,Cochin,DEL → BOM → COK,08:25,21:00,12h 35m,1 stop,No info,8285
Jet Airways,12/06/2019,Delhi,Cochin,DEL → BOM → COK,02:15,12:35,10h 20m,1 stop,No info,18371
Jet Airways,6/06/2019,Kolkata,Banglore,CCU → DEL → BLR,20:25,09:45 07 Jun,13h 20m,1 stop,No info,12692
IndiGo,24/04/2019,Banglore,Delhi,BLR → DEL,06:05,08:50,2h 45m,non-stop,No info,4423
Jet Airways,9/06/2019,Banglore,Delhi,BLR → DEL,19:50,22:50,3h,non-stop,In-flight meal not included,7229
IndiGo,03/03/2019,Banglore,New Delhi,BLR → DEL,23:30,02:20 04 Mar,2h 50m,non-stop,No info,6144
Jet Airways,1/06/2019,Delhi,Cochin,DEL → NAG → BOM → COK,06:45,04:25 02 Jun,21h 40m,2 stops,In-flight meal not included,10919
IndiGo,27/03/2019,Kolkata,Banglore,CCU → BLR,21:25,00:05 28 Mar,2h 40m,non-stop,No info,4148
SpiceJet,24/03/2019,Banglore,New Delhi,BLR → DEL,20:30,23:20,2h 50m,non-stop,No check-in baggage included,3873
Jet Airways,21/03/2019,Delhi,Cochin,DEL → JAI → BOM → COK,09:40,18:50,9h 10m,2 stops,No info,11702
IndiGo,6/03/2019,Delhi,Cochin,DEL → BOM → COK,17:10,01:35 07 Mar,8h 25m,1 stop,No info,14871
Air India,18/03/2019,Banglore,New Delhi,BLR → BOM → IDR → DEL,06:45,11:10 16 Mar,28h 25m,2 stops,No info,11234
IndiGo,6/06/2019,Delhi,Cochin,DEL → HYD → COK,14:20,22:30,8h 10m,1 stop,No info,6938
IndiGo,12/06/2019,Delhi,Cochin,DEL → BOM → COK,08:30,21:00,12h 30m,1 stop,No info,6093
IndiGo,15/05/2019,Banglore,Delhi,BLR → DEL,10:10,13:00,2h 50m,non-stop,No info,3943
Jet Airways,6/06/2019,Mumbai,Hyderabad,BOM → HYD,10:20,11:50,1h 30m,non-stop,No info,8040
Jet Airways,9/05/2019,Delhi,Cochin,DEL → AMD → BOM → COK,23:05,12:35 10 May,13h 30m,2 stops,No info,15129
SpiceJet,9/05/2019,Chennai,Kolkata,MAA → CCU,17:45,20:05,2h 20m,non-stop,No info,3597
Vistara,6/05/2019,Kolkata,Banglore,CCU → DEL → BLR,07:10,18:50,11h 40m,1 stop,No info,8610
Jet Airways,1/05/2019,Kolkata,Banglore,CCU → DEL → BLR,17:00,23:35,6h 35m,1 stop,No info,13067
SpiceJet,9/05/2019,Banglore,Delhi,BLR → DEL,09:30,12:20,2h 50m,non-stop,No info,4991
SpiceJet,1/04/2019,Kolkata,Banglore,CCU → MAA → BLR,15:05,20:20,5h 15m,1 stop,No info,4649
SpiceJet,18/05/2019,Chennai,Kolkata,MAA → CCU,08:20,10:35,2h 15m,non-stop,No info,3597
Jet Airways,21/05/2019,Delhi,Cochin,DEL → BOM → COK,08:00,19:00,11h,1 stop,In-flight meal not included,12898
Jet Airways,27/03/2019,Delhi,Cochin,DEL → IXC → BOM → COK,06:20,19:45 28 Mar,37h 25m,2 stops,In-flight meal not included,9296
IndiGo,03/03/2019,Banglore,New Delhi,BLR → DEL,16:55,19:45,2h 50m,non-stop,No info,8855
Jet Airways,6/06/2019,Delhi,Cochin,DEL → BOM → COK,21:50,19:00 07 Jun,21h 10m,1 stop,In-flight meal not included,10262
IndiGo,24/06/2019,Banglore,Delhi,BLR → DEL,06:05,08:50,2h 45m,non-stop,No info,3943
Multiple carriers,3/06/2019,Delhi,Cochin,DEL → BOM → COK,12:50,19:15,6h 25m,1 stop,No info,9001
Multiple carriers,18/05/2019,Delhi,Cochin,DEL → BOM → COK,10:20,01:30 19 May,15h 10m,1 stop,No info,7670
Multiple carriers,3/06/2019,Delhi,Cochin,DEL → BOM → COK,17:45,01:30 04 Jun,7h 45m,1 stop,No info,7530
IndiGo,1/05/2019,Kolkata,Banglore,CCU → PAT → BLR,09:20,14:15,4h 55m,1 stop,No info,8443
SpiceJet,1/04/2019,Delhi,Cochin,DEL → MAA → COK,06:05,11:20,5h 15m,1 stop,No info,5351
Vistara,21/03/2019,Delhi,Cochin,DEL → COK,06:00,09:10,3h 10m,non-stop,No info,6688
Jet Airways,12/03/2019,Banglore,New Delhi,BLR → BOM → DEL,20:35,19:10 13 Mar,22h 35m,1 stop,In-flight meal not included,11087
Air India,15/03/2019,Banglore,New Delhi,BLR → CCU → BBI → DEL,05:50,12:05 16 Mar,30h 15m,2 stops,No info,7664
IndiGo,15/04/2019,Kolkata,Banglore,CCU → HYD → BLR,15:15,20:30,5h 15m,1 stop,No info,4775
GoAir,27/06/2019,Kolkata,Banglore,CCU → BLR,15:20,17:55,2h 35m,non-stop,No info,3514
Jet Airways,24/06/2019,Delhi,Cochin,DEL → NAG → BOM → COK,06:45,04:25 25 Jun,21h 40m,2 stops,No info,13376
Jet Airways,12/06/2019,Delhi,Cochin,DEL → ATQ → BOM → COK,08:10,12:35 13 Jun,28h 25m,2 stops,No info,14300
Air India,27/06/2019,Delhi,Cochin,DEL → MAA → COK,20:40,09:25 28 Jun,12h 45m,1 stop,No info,7480
IndiGo,12/05/2019,Mumbai,Hyderabad,BOM → HYD,21:20,22:50,1h 30m,non-stop,No info,2227
Air Asia,18/05/2019,Delhi,Cochin,DEL → BLR → COK,07:55,22:25,14h 30m,1 stop,No info,7452
Air Asia,24/05/2019,Kolkata,Banglore,CCU → BLR,10:20,12:55,2h 35m,non-stop,No info,4409
Air India,3/04/2019,Kolkata,Banglore,CCU → BBI → HYD → BLR,09:10,11:05 04 Apr,25h 55m,2 stops,No info,4647
SpiceJet,21/03/2019,Chennai,Kolkata,MAA → CCU,09:30,12:05,2h 35m,non-stop,No check-in baggage included,3332
Air India,27/03/2019,Delhi,Cochin,DEL → BOM → COK,10:00,19:15,9h 15m,1 stop,No info,6902
Air Asia,6/06/2019,Kolkata,Banglore,CCU → BBI → BLR,19:55,23:30,3h 35m,1 stop,No info,6857
Jet Airways,9/05/2019,Delhi,Cochin,DEL → BOM → COK,19:15,04:25 10 May,9h 10m,1 stop,In-flight meal not included,12373
Multiple carriers,15/06/2019,Delhi,Cochin,DEL → BOM → COK,11:40,19:00,7h 20m,1 stop,No info,11789
Air India,9/05/2019,Delhi,Cochin,DEL → HYD → BOM → COK,17:15,07:40 10 May,14h 25m,2 stops,No info,13039
Jet Airways,12/03/2019,Banglore,New Delhi,BLR → BOM → DEL,22:55,11:25 13 Mar,12h 30m,1 stop,In-flight meal not included,11087
Vistara,18/05/2019,Kolkata,Banglore,CCU → DEL → BLR,20:20,23:25 19 May,27h 5m,1 stop,No info,9345
SpiceJet,24/06/2019,Mumbai,Hyderabad,BOM → HYD,22:45,00:15 25 Jun,1h 30m,non-stop,No check-in baggage included,1965
IndiGo,3/06/2019,Delhi,Cochin,DEL → BOM → COK,07:30,21:00,13h 30m,1 stop,No info,6093
Jet Airways,9/06/2019,Kolkata,Banglore,CCU → BOM → BLR,18:55,08:15 10 Jun,13h 20m,1 stop,In-flight meal not included,11841
Jet Airways,9/05/2019,Kolkata,Banglore,CCU → BOM → BLR,21:10,10:05 10 May,12h 55m,1 stop,In-flight meal not included,9663
Jet Airways,6/06/2019,Delhi,Cochin,DEL → BOM → COK,19:15,19:00 07 Jun,23h 45m,1 stop,No info,14714
Jet Airways,12/06/2019,Kolkata,Banglore,CCU → BOM → BLR,18:55,22:35 13 Jun,27h 40m,1 stop,In-flight meal not included,8529
IndiGo,6/04/2019,Delhi,Cochin,DEL → HYD → COK,07:35,12:10,4h 35m,1 stop,No info,5073
Jet Airways,24/04/2019,Banglore,Delhi,BLR → DEL,07:10,10:10,3h,non-stop,No info,7229
Air India,6/06/2019,Delhi,Cochin,DEL → BOM → COK,10:00,19:15,9h 15m,1 stop,No info,9194
Multiple carriers,12/06/2019,Delhi,Cochin,DEL → BOM → COK,11:40,19:00,7h 20m,1 stop,No info,11789
SpiceJet,12/06/2019,Mumbai,Hyderabad,BOM → HYD,13:15,14:45,1h 30m,non-stop,No info,2017
Air India,6/06/2019,Kolkata,Banglore,CCU → VNS → DEL → BLR,14:30,12:30 07 Jun,22h,2 stops,No info,15894
IndiGo,9/05/2019,Banglore,Delhi,BLR → DEL,01:30,04:15,2h 45m,non-stop,No info,3419
Jet Airways,9/06/2019,Delhi,Cochin,DEL → JAI → BOM → COK,05:30,04:25 10 Jun,22h 55m,2 stops,In-flight meal not included,10368
IndiGo,24/04/2019,Delhi,Cochin,DEL → BLR → COK,15:10,20:00,4h 50m,1 stop,No info,6027
Air India,18/05/2019,Delhi,Cochin,DEL → MAA → COK,20:40,09:25 19 May,12h 45m,1 stop,No info,7480
SpiceJet,12/06/2019,Kolkata,Banglore,CCU → PNQ → BLR,08:35,17:15,8h 40m,1 stop,No info,7189
Air India,15/03/2019,Banglore,New Delhi,BLR → DEL,10:00,12:45,2h 45m,non-stop,No info,7276
Jet Airways,6/03/2019,Delhi,Cochin,DEL → BOM → COK,11:30,04:25 07 Mar,16h 55m,1 stop,No info,15764
Jet Airways,6/06/2019,Delhi,Cochin,DEL → BOM → COK,19:15,04:25 07 Jun,9h 10m,1 stop,No info,14714
Multiple carriers,21/05/2019,Delhi,Cochin,DEL → BOM → COK,17:00,01:30 22 May,8h 30m,1 stop,No info,7888
Jet Airways,6/06/2019,Delhi,Cochin,DEL → BOM → COK,08:00,04:25 07 Jun,20h 25m,1 stop,In-flight meal not included,10262
Jet Airways,18/05/2019,Delhi,Cochin,DEL → ATQ → BOM → COK,20:00,04:25 19 May,8h 25m,2 stops,In-flight meal not included,15318
Jet Airways,1/05/2019,Kolkata,Banglore,CCU → GAU → BLR,10:20,17:35,7h 15m,1 stop,In-flight meal not included,5608
Jet Airways,1/04/2019,Kolkata,Banglore,CCU → BOM → BLR,08:25,18:15,9h 50m,1 stop,No info,12681
Air India,6/03/2019,Delhi,Cochin,DEL → HYD → MAA → COK,17:15,09:25 07 Mar,16h 10m,2 stops,No info,9417
Multiple carriers,3/03/2019,Delhi,Cochin,DEL → BOM → COK,07:05,21:00,13h 55m,1 stop,No info,17057
Multiple carriers,27/03/2019,Delhi,Cochin,DEL → BOM → COK,13:00,21:00,8h,1 stop,No info,12537
Air India,27/05/2019,Delhi,Cochin,DEL → GOI → BOM → COK,22:00,19:15 28 May,21h 15m,2 stops,No info,10651
Vistara,1/06/2019,Delhi,Cochin,DEL → COK,06:00,09:10,3h 10m,non-stop,No info,6741
Jet Airways,24/05/2019,Kolkata,Banglore,CCU → BOM → BLR,20:00,22:35 25 May,26h 35m,1 stop,In-flight meal not included,10844
Air India,27/05/2019,Delhi,Cochin,DEL → CCU → BOM → COK,14:25,19:15 28 May,28h 50m,2 stops,No info,13381
IndiGo,6/04/2019,Banglore,Delhi,BLR → DEL,06:05,08:50,2h 45m,non-stop,No info,4423
Jet Airways,27/05/2019,Mumbai,Hyderabad,BOM → HYD,19:35,21:05,1h 30m,non-stop,No info,5678
Jet Airways,21/05/2019,Delhi,Cochin,DEL → IDR → BOM → COK,09:35,12:35 22 May,27h,2 stops,In-flight meal not included,12719
IndiGo,1/06/2019,Delhi,Cochin,DEL → HYD → COK,07:35,12:10,4h 35m,1 stop,No info,5054
Air India,24/05/2019,Delhi,Cochin,DEL → MAA → COK,09:45,09:25 25 May,23h 40m,1 stop,No info,7480
Air India,3/06/2019,Banglore,Delhi,BLR → DEL,17:00,19:45,2h 45m,non-stop,No info,6961
SpiceJet,24/04/2019,Kolkata,Banglore,CCU → BLR,17:10,19:40,2h 30m,non-stop,No check-in baggage included,3841
IndiGo,3/06/2019,Banglore,Delhi,BLR → DEL,21:15,00:15 04 Jun,3h,non-stop,No info,3943
Jet Airways,3/05/2019,Banglore,Delhi,BLR → DEL,08:20,11:20,3h,non-stop,No info,7229
SpiceJet,15/05/2019,Banglore,Delhi,BLR → DEL,09:30,12:20,2h 50m,non-stop,No check-in baggage included,4319
IndiGo,24/04/2019,Banglore,Delhi,BLR → DEL,13:00,15:50,2h 50m,non-stop,No info,4423
Jet Airways,21/05/2019,Delhi,Cochin,DEL → BOM → COK,22:50,04:25 22 May,5h 35m,1 stop,No info,16079
Jet Airways,21/06/2019,Banglore,Delhi,BLR → DEL,19:50,22:50,3h,non-stop,In-flight meal not included,7754
Air India,1/06/2019,Delhi,Cochin,DEL → HYD → MAA → COK,13:15,09:25 02 Jun,20h 10m,2 stops,No info,10467
Jet Airways,3/06/2019,Delhi,Cochin,DEL → BOM → COK,17:30,12:35 04 Jun,19h 5m,1 stop,No info,14714
Air India,1/05/2019,Kolkata,Banglore,CCU → GAU → BLR,16:45,21:05 02 May,28h 20m,1 stop,No info,7452
Air India,21/05/2019,Delhi,Cochin,DEL → UDR → BOM → COK,13:20,19:15 22 May,29h 55m,2 stops,No info,13276
Air India,01/03/2019,Banglore,New Delhi,BLR → BOM → NAG → DEL,08:50,10:35 02 Mar,25h 45m,2 stops,No info,31783
Air India,1/05/2019,Chennai,Kolkata,MAA → CCU,11:40,13:55,2h 15m,non-stop,No info,4667
Jet Airways,15/06/2019,Banglore,Delhi,BLR → DEL,15:15,18:10,2h 55m,non-stop,In-flight meal not included,7229
Jet Airways,15/06/2019,Delhi,Cochin,DEL → BDQ → BOM → COK,18:25,12:35 16 Jun,18h 10m,2 stops,No info,14237
Multiple carriers,15/05/2019,Delhi,Cochin,DEL → BOM → COK,10:20,19:15,8h 55m,1 stop,No info,8266
Jet Airways,24/06/2019,Delhi,Cochin,DEL → LKO → BOM → COK,09:25,04:25 25 Jun,19h,2 stops,No info,13882
IndiGo,6/05/2019,Banglore,Delhi,BLR → DEL,20:00,22:50,2h 50m,non-stop,No info,4823
Air Asia,24/05/2019,Banglore,Delhi,BLR → DEL,23:55,02:45 25 May,2h 50m,non-stop,No info,4483
Air India,12/06/2019,Banglore,Delhi,BLR → DEL,06:10,08:55,2h 45m,non-stop,No info,6961
Jet Airways,12/05/2019,Kolkata,Banglore,CCU → BOM → BLR,18:55,10:05 13 May,15h 10m,1 stop,In-flight meal not included,9663
Jet Airways,18/05/2019,Delhi,Cochin,DEL → AMD → BOM → COK,23:05,04:25 20 May,29h 20m,2 stops,No info,16704
IndiGo,12/05/2019,Mumbai,Hyderabad,BOM → HYD,09:10,10:40,1h 30m,non-stop,No info,4049
SpiceJet,24/03/2019,Chennai,Kolkata,MAA → CCU,08:20,10:35,2h 15m,non-stop,No check-in baggage included,3807
IndiGo,9/06/2019,Delhi,Cochin,DEL → HYD → COK,06:50,22:30,15h 40m,1 stop,No info,6442
Jet Airways,15/03/2019,Banglore,New Delhi,BLR → BOM → DEL,07:00,07:40 16 Mar,24h 40m,1 stop,In-flight meal not included,7832
IndiGo,24/06/2019,Delhi,Cochin,DEL → HYD → COK,08:35,22:30,13h 55m,1 stop,No info,6442
IndiGo,21/04/2019,Banglore,Delhi,BLR → DEL,20:00,22:50,2h 50m,non-stop,No info,4823
Jet Airways,06/03/2019,Banglore,New Delhi,BLR → BOM → DEL,05:45,05:05 07 Mar,23h 20m,1 stop,No info,13555
GoAir,6/04/2019,Delhi,Cochin,DEL → BOM → COK,10:35,19:35,9h,1 stop,No info,5135
Air Asia,15/05/2019,Banglore,Delhi,BLR → DEL,23:55,02:45 16 May,2h 50m,non-stop,No info,3383
GoAir,15/06/2019,Delhi,Cochin,DEL → AMD → COK,07:25,13:35,6h 10m,1 stop,No info,5842
Jet Airways,18/05/2019,Delhi,Cochin,DEL → AMD → BOM → COK,13:25,04:25 19 May,15h,2 stops,No info,16704
Air India,1/05/2019,Kolkata,Banglore,CCU → BOM → BLR,16:50,07:55 02 May,15h 5m,1 stop,No info,8366
SpiceJet,9/05/2019,Mumbai,Hyderabad,BOM → HYD,05:45,07:15,1h 30m,non-stop,No check-in baggage included,1965
SpiceJet,6/06/2019,Kolkata,Banglore,CCU → BLR,17:10,19:40,2h 30m,non-stop,No info,3873
Jet Airways,01/03/2019,Banglore,New Delhi,BLR → BOM → DEL,08:00,20:20,12h 20m,1 stop,No info,27992
Multiple carriers,6/06/2019,Delhi,Cochin,DEL → BOM → COK,04:55,12:35,7h 40m,1 stop,No info,10678
Air India,21/03/2019,Banglore,New Delhi,BLR → BOM → DEL,08:50,23:15,14h 25m,1 stop,No info,6824
Air India,12/06/2019,Delhi,Cochin,DEL → AMD → BOM → COK,05:00,19:15 13 Jun,38h 15m,2 stops,No info,9443
Multiple carriers,21/03/2019,Delhi,Cochin,DEL → BOM → COK,07:05,19:15,12h 10m,1 stop,No info,13378
IndiGo,1/05/2019,Banglore,Delhi,BLR → DEL,04:00,06:50,2h 50m,non-stop,No info,3943
IndiGo,18/05/2019,Delhi,Cochin,DEL → BOM → COK,11:25,21:00,9h 35m,1 stop,No info,7191
SpiceJet,27/06/2019,Banglore,Delhi,BLR → DEL,05:55,08:35,2h 40m,non-stop,No info,3625
GoAir,27/05/2019,Delhi,Cochin,DEL → AMD → COK,07:25,13:35,6h 10m,1 stop,No info,6841
Jet Airways,24/03/2019,Kolkata,Banglore,CCU → BOM → BLR,16:55,23:25,6h 30m,1 stop,In-flight meal not included,11134
Jet Airways,6/06/2019,Kolkata,Banglore,CCU → BOM → BLR,18:55,20:45 07 Jun,25h 50m,1 stop,No info,14571
Air India,01/03/2019,Banglore,New Delhi,BLR → CCU → BBI → HYD → DEL,05:50,12:15 02 Mar,30h 25m,3 stops,No info,12346
Jet Airways,21/04/2019,Banglore,Delhi,BLR → DEL,17:45,20:45,3h,non-stop,In-flight meal not included,4544
Jet Airways,9/06/2019,Delhi,Cochin,DEL → NAG → BOM → COK,14:35,04:25 10 Jun,13h 50m,2 stops,No info,13376
Jet Airways,12/03/2019,Banglore,New Delhi,BLR → BOM → DEL,18:55,12:25 13 Mar,17h 30m,1 stop,In-flight meal not included,11087
SpiceJet,3/03/2019,Kolkata,Banglore,CCU → BLR,09:00,11:30,2h 30m,non-stop,No info,5515
IndiGo,27/06/2019,Kolkata,Banglore,CCU → BLR,04:40,07:15,2h 35m,non-stop,No info,4804
IndiGo,12/06/2019,Chennai,Kolkata,MAA → CCU,13:15,15:35,2h 20m,non-stop,No info,3597
Multiple carriers,6/03/2019,Delhi,Cochin,DEL → BOM → COK,06:00,19:15,13h 15m,1 stop,No info,15353
Jet Airways,12/06/2019,Kolkata,Banglore,CCU → BOM → BLR,06:30,16:20,9h 50m,1 stop,In-flight meal not included,9899
IndiGo,24/03/2019,Banglore,New Delhi,BLR → DEL,18:25,21:20,2h 55m,non-stop,No info,7303
Jet Airways,12/03/2019,Banglore,New Delhi,BLR → BOM → DEL,08:55,21:20,12h 25m,1 stop,No info,13817
Jet Airways,6/03/2019,Delhi,Cochin,DEL → AMD → BOM → COK,19:10,19:45 07 Mar,24h 35m,2 stops,No info,19329
Jet Airways,12/06/2019,Delhi,Cochin,DEL → BOM → COK,07:05,12:35,5h 30m,1 stop,No info,16289
Jet Airways,15/05/2019,Kolkata,Banglore,CCU → BOM → BLR,18:55,10:05 16 May,15h 10m,1 stop,In-flight meal not included,9663
Air India,3/06/2019,Delhi,Cochin,DEL → HYD → MAA → COK,09:45,09:25 04 Jun,23h 40m,2 stops,No info,10975
Air Asia,18/03/2019,Kolkata,Banglore,CCU → BLR,10:20,12:55,2h 35m,non-stop,No info,4384
Jet Airways,12/06/2019,Delhi,Cochin,DEL → BOM → COK,09:00,19:00,10h,1 stop,No info,14714
Jet Airways,12/06/2019,Delhi,Cochin,DEL → NAG → BOM → COK,14:35,04:25 13 Jun,13h 50m,2 stops,In-flight meal not included,10919
Jet Airways,21/05/2019,Kolkata,Banglore,CCU → BOM → BLR,14:05,04:40 22 May,14h 35m,1 stop,No info,14388
Multiple carriers,15/06/2019,Delhi,Cochin,DEL → BOM → COK,11:25,19:00,7h 35m,1 stop,No info,10877
Jet Airways,9/05/2019,Delhi,Cochin,DEL → AMD → BOM → COK,23:05,12:35 10 May,13h 30m,2 stops,No info,15129
IndiGo,6/05/2019,Delhi,Cochin,DEL → BOM → COK,07:30,21:00,13h 30m,1 stop,No info,7191
GoAir,1/05/2019,Kolkata,Banglore,CCU → BOM → BLR,23:30,07:45 02 May,8h 15m,1 stop,No info,6686
Multiple carriers,3/06/2019,Delhi,Cochin,DEL → BOM → COK,12:50,01:30 04 Jun,12h 40m,1 stop,No info,7530
IndiGo,15/06/2019,Delhi,Cochin,DEL → HYD → COK,07:35,22:30,14h 55m,1 stop,No info,6442
Jet Airways,27/06/2019,Delhi,Cochin,DEL → BOM → COK,09:00,12:35 28 Jun,27h 35m,1 stop,In-flight meal not included,10262
Jet Airways,12/03/2019,Banglore,New Delhi,BLR → BOM → DEL,18:55,09:30 13 Mar,14h 35m,1 stop,No info,13817
Jet Airways,12/06/2019,Kolkata,Banglore,CCU → BOM → BLR,14:05,23:35,9h 30m,1 stop,No info,13626
Jet Airways,12/05/2019,Kolkata,Banglore,CCU → BOM → BLR,18:55,10:05 13 May,15h 10m,1 stop,No info,14388
IndiGo,27/04/2019,Kolkata,Banglore,CCU → BLR,04:40,07:15,2h 35m,non-stop,No info,4804
IndiGo,21/03/2019,Delhi,Cochin,DEL → COK,14:30,17:35,3h 5m,non-stop,No info,5406
SpiceJet,3/04/2019,Delhi,Cochin,DEL → BLR → COK,17:55,22:50,4h 55m,1 stop,No info,4611
IndiGo,9/06/2019,Kolkata,Banglore,CCU → MAA → BLR,08:10,13:00,4h 50m,1 stop,No info,5069
GoAir,6/06/2019,Banglore,Delhi,BLR → DEL,07:45,10:40,2h 55m,non-stop,No info,3898
IndiGo,6/06/2019,Mumbai,Hyderabad,BOM → HYD,12:00,13:30,1h 30m,non-stop,No info,2754
Multiple carriers,27/05/2019,Delhi,Cochin,DEL → BOM → COK,15:00,01:30 28 May,10h 30m,1 stop,In-flight meal not included,6943
Jet Airways,18/05/2019,Kolkata,Banglore,CCU → BOM → BLR,05:45,18:15,12h 30m,1 stop,No info,14781
Jet Airways,21/05/2019,Delhi,Cochin,DEL → BOM → COK,13:00,19:00,6h,1 stop,No info,16079
IndiGo,15/03/2019,Banglore,New Delhi,BLR → DEL,16:55,19:45,2h 50m,non-stop,No info,8033
IndiGo,09/03/2019,Banglore,New Delhi,BLR → DEL,18:25,21:20,2h 55m,non-stop,No info,6860
Multiple carriers,27/03/2019,Delhi,Cochin,DEL → BOM → COK,11:40,19:15,7h 35m,1 stop,No info,6953
IndiGo,12/05/2019,Banglore,Delhi,BLR → DEL,07:10,10:05,2h 55m,non-stop,No info,4823
IndiGo,9/04/2019,Kolkata,Banglore,CCU → BLR,04:40,07:15,2h 35m,non-stop,No info,4174
Jet Airways,27/06/2019,Delhi,Cochin,DEL → AMD → BOM → COK,13:25,19:00 28 Jun,29h 35m,2 stops,No info,12819
Jet Airways,15/05/2019,Kolkata,Banglore,CCU → BOM → BLR,21:10,04:40 16 May,7h 30m,1 stop,In-flight meal not included,9663
SpiceJet,3/05/2019,Kolkata,Banglore,CCU → BLR,06:55,09:30,2h 35m,non-stop,No check-in baggage included,3841
IndiGo,27/06/2019,Delhi,Cochin,DEL → COK,05:35,08:50,3h 15m,non-stop,No info,5000
Air India,01/03/2019,Banglore,New Delhi,BLR → CCU → GAU → DEL,05:50,22:10,16h 20m,2 stops,Change airports,13366
Vistara,6/03/2019,Mumbai,Hyderabad,BOM → DEL → HYD,21:55,16:45 07 Mar,18h 50m,1 stop,No info,12395
Air India,15/05/2019,Kolkata,Banglore,CCU → GAU → BLR,16:45,21:05 16 May,28h 20m,1 stop,No info,7452
Jet Airways,18/05/2019,Delhi,Cochin,DEL → BOM → COK,19:45,19:00 19 May,23h 15m,1 stop,No info,15554
Jet Airways,6/05/2019,Kolkata,Banglore,CCU → DEL → BLR,17:00,15:05 07 May,22h 5m,1 stop,No info,13067
IndiGo,1/03/2019,Kolkata,Banglore,CCU → BLR,15:10,17:45,2h 35m,non-stop,No info,6565
SpiceJet,24/05/2019,Mumbai,Hyderabad,BOM → HYD,05:45,07:15,1h 30m,non-stop,No check-in baggage included,1965
SpiceJet,27/03/2019,Chennai,Kolkata,MAA → CCU,09:30,12:05,2h 35m,non-stop,No check-in baggage included,3332
IndiGo,21/03/2019,Banglore,New Delhi,BLR → LKO → DEL,05:25,10:10,4h 45m,1 stop,No info,6208
Air India,18/03/2019,Banglore,New Delhi,BLR → GAU → DEL,13:50,18:40 16 Mar,28h 50m,1 stop,No info,11161
Air India,12/06/2019,Kolkata,Banglore,CCU → DEL → COK → BLR,10:00,13:45 13 Jun,27h 45m,2 stops,No info,12224
Jet Airways,1/05/2019,Kolkata,Banglore,CCU → BOM → BLR,18:55,12:00 02 May,17h 5m,1 stop,In-flight meal not included,9663
Jet Airways,18/03/2019,Banglore,New Delhi,BLR → BOM → DEL,08:55,15:15,6h 20m,1 stop,No info,12284
Air India,27/05/2019,Delhi,Cochin,DEL → MAA → COK,17:20,09:25 28 May,16h 5m,1 stop,No info,7480
Jet Airways,6/03/2019,Delhi,Cochin,DEL → BOM → COK,19:15,04:25 07 Mar,9h 10m,1 stop,No info,17024
Jet Airways,6/06/2019,Kolkata,Banglore,CCU → DEL → BLR,20:25,19:10 07 Jun,22h 45m,1 stop,No info,14151
IndiGo,21/06/2019,Kolkata,Banglore,CCU → BLR,17:15,19:50,2h 35m,non-stop,No info,4804
IndiGo,18/05/2019,Delhi,Cochin,DEL → BOM → COK,16:00,21:00,5h,1 stop,No info,6069
Vistara,21/03/2019,Banglore,New Delhi,BLR → AMD → DEL,06:40,21:55,15h 15m,1 stop,No info,6065
Jet Airways,18/05/2019,Kolkata,Banglore,CCU → DEL → BLR,20:25,09:45 19 May,13h 20m,1 stop,No info,14151
Jet Airways,24/03/2019,Kolkata,Banglore,CCU → BOM → BLR,18:55,12:00 25 Mar,17h 5m,1 stop,No info,14231
Vistara,6/03/2019,Mumbai,Hyderabad,BOM → DEL → HYD,15:40,09:25 07 Mar,17h 45m,1 stop,No info,12395
IndiGo,24/04/2019,Delhi,Cochin,DEL → MAA → COK,02:00,07:25,5h 25m,1 stop,No info,5636
Air India,6/04/2019,Delhi,Cochin,DEL → BLR → COK,17:40,23:00,5h 20m,1 stop,No info,5232
Jet Airways,1/06/2019,Delhi,Cochin,DEL → BOM → COK,14:00,04:25 02 Jun,14h 25m,1 stop,No info,14714
IndiGo,6/05/2019,Chennai,Kolkata,MAA → CCU,07:55,10:15,2h 20m,non-stop,No info,3850
Air India,27/05/2019,Delhi,Cochin,DEL → BLR → COK,17:40,09:35 28 May,15h 55m,1 stop,No info,7258
Jet Airways,06/03/2019,Banglore,New Delhi,BLR → BOM → DEL,21:25,20:20 07 Mar,22h 55m,1 stop,No info,17471
SpiceJet,9/05/2019,Banglore,Delhi,BLR → DEL,21:10,00:05 10 May,2h 55m,non-stop,No info,4423
IndiGo,18/06/2019,Mumbai,Hyderabad,BOM → HYD,21:20,22:50,1h 30m,non-stop,No info,2227
Multiple carriers,24/06/2019,Delhi,Cochin,DEL → BOM → COK,10:00,01:30 25 Jun,15h 30m,1 stop,No info,13377
Jet Airways,12/06/2019,Banglore,Delhi,BLR → DEL,08:20,11:20,3h,non-stop,No info,8016
Air India,09/03/2019,Banglore,New Delhi,BLR → HYD → DEL,06:50,08:50 13 Mar,26h,1 stop,No info,5626
IndiGo,21/03/2019,Banglore,New Delhi,BLR → DEL,16:55,19:45,2h 50m,non-stop,No info,6860
IndiGo,1/06/2019,Delhi,Cochin,DEL → BOM → COK,18:35,01:30 02 Jun,6h 55m,1 stop,No info,6628
Jet Airways,6/06/2019,Delhi,Cochin,DEL → BOM → COK,13:00,12:35 07 Jun,23h 35m,1 stop,In-flight meal not included,11627
SpiceJet,9/06/2019,Kolkata,Banglore,CCU → BLR,17:10,19:40,2h 30m,non-stop,No info,4174
Jet Airways,1/06/2019,Delhi,Cochin,DEL → BOM → COK,18:15,04:25 02 Jun,10h 10m,1 stop,No info,14714
Jet Airways,12/05/2019,Kolkata,Banglore,CCU → DEL → BLR,09:35,21:05,11h 30m,1 stop,No info,14151
Jet Airways,27/05/2019,Delhi,Cochin,DEL → BOM → COK,16:00,19:00 28 May,27h,1 stop,In-flight meal not included,12898
Jet Airways,18/05/2019,Delhi,Cochin,DEL → BOM → COK,21:50,04:25 19 May,6h 35m,1 stop,In-flight meal not included,12373
IndiGo,18/06/2019,Banglore,Delhi,BLR → DEL,10:10,13:00,2h 50m,non-stop,No info,3943
Air Asia,9/06/2019,Kolkata,Banglore,CCU → IXR → DEL → BLR,15:10,23:30,8h 20m,2 stops,No info,7870
Jet Airways,18/06/2019,Banglore,Delhi,BLR → DEL,18:55,22:00,3h 5m,non-stop,No info,8016
Air India,15/05/2019,Delhi,Cochin,DEL → HYD → MAA → COK,13:05,09:25 16 May,20h 20m,2 stops,No info,10975
IndiGo,27/05/2019,Chennai,Kolkata,MAA → CCU,07:55,10:15,2h 20m,non-stop,No info,3850
IndiGo,18/06/2019,Kolkata,Banglore,CCU → BLR,20:25,23:10,2h 45m,non-stop,No info,4804
Jet Airways,9/03/2019,Delhi,Cochin,DEL → BOM → COK,20:50,04:25 10 Mar,7h 35m,1 stop,No info,15554
SpiceJet,18/03/2019,Kolkata,Banglore,CCU → BLR,06:55,09:35,2h 40m,non-stop,No info,4465
Jet Airways,9/06/2019,Kolkata,Banglore,CCU → BOM → BLR,21:10,10:05 10 Jun,12h 55m,1 stop,In-flight meal not included,11841
Multiple carriers,9/03/2019,Delhi,Cochin,DEL → BOM → COK,08:00,19:15,11h 15m,1 stop,No info,19332
SpiceJet,21/06/2019,Kolkata,Banglore,CCU → BLR,17:10,19:40,2h 30m,non-stop,No check-in baggage included,3841
IndiGo,12/04/2019,Banglore,Delhi,BLR → DEL,10:10,13:00,2h 50m,non-stop,No info,4591
IndiGo,24/05/2019,Kolkata,Banglore,CCU → HYD → BLR,15:15,20:05,4h 50m,1 stop,No info,5192
Jet Airways,9/06/2019,Delhi,Cochin,DEL → BOM → COK,18:15,12:35 10 Jun,18h 20m,1 stop,In-flight meal not included,10577
Jet Airways,18/05/2019,Delhi,Cochin,DEL → JAI → BOM → COK,19:30,04:25 19 May,8h 55m,2 stops,No info,15129
Multiple carriers,6/06/2019,Delhi,Cochin,DEL → BOM → COK,06:00,19:00,13h,1 stop,No info,11789
Air India,15/06/2019,Delhi,Cochin,DEL → BOM → COK,21:00,07:40 16 Jun,10h 40m,1 stop,No info,8372
Multiple carriers,9/05/2019,Delhi,Cochin,DEL → BOM → COK,06:00,19:15,13h 15m,1 stop,No info,8266
Jet Airways,6/05/2019,Kolkata,Banglore,CCU → BOM → BLR,06:30,19:50,13h 20m,1 stop,No info,14781
Vistara,21/04/2019,Banglore,Delhi,BLR → DEL,17:00,19:35,2h 35m,non-stop,No info,5613
Jet Airways,24/04/2019,Banglore,Delhi,BLR → DEL,15:15,18:10,2h 55m,non-stop,No info,7229
IndiGo,24/06/2019,Delhi,Cochin,DEL → BOM → COK,08:30,21:00,12h 30m,1 stop,No info,6093
Jet Airways,21/05/2019,Delhi,Cochin,DEL → BHO → BOM → COK,05:30,12:35,7h 5m,2 stops,In-flight meal not included,15544
GoAir,18/05/2019,Delhi,Cochin,DEL → AMD → COK,07:25,13:35,6h 10m,1 stop,No info,6296
IndiGo,27/04/2019,Kolkata,Banglore,CCU → BLR,09:35,12:20,2h 45m,non-stop,No info,4804
Air Asia,18/03/2019,Banglore,New Delhi,BLR → DEL,05:50,08:40,2h 50m,non-stop,No info,4284
IndiGo,21/03/2019,Delhi,Cochin,DEL → HYD → COK,07:35,22:20,14h 45m,1 stop,No info,6558
IndiGo,24/06/2019,Delhi,Cochin,DEL → LKO → COK,21:50,03:35 25 Jun,5h 45m,1 stop,No info,5775
SpiceJet,21/06/2019,Chennai,Kolkata,MAA → CCU,08:20,10:35,2h 15m,non-stop,No check-in baggage included,3543
Jet Airways,6/03/2019,Delhi,Cochin,DEL → BOM → COK,09:55,18:50,8h 55m,1 stop,No info,17024
Jet Airways,9/06/2019,Mumbai,Hyderabad,BOM → HYD,07:05,08:30,1h 25m,non-stop,In-flight meal not included,4050
Air India,6/03/2019,Mumbai,Hyderabad,BOM → BHO → DEL → HYD,06:00,15:15 07 Mar,33h 15m,2 stops,No info,14219
Jet Airways,01/03/2019,Banglore,New Delhi,BLR → BOM → DEL,11:40,18:25,6h 45m,1 stop,No info,26890
Air India,15/06/2019,Delhi,Cochin,DEL → AMD → BOM → COK,19:45,19:15 16 Jun,23h 30m,2 stops,No info,9653
IndiGo,21/06/2019,Banglore,Delhi,BLR → DEL,06:05,08:50,2h 45m,non-stop,No info,3943
Jet Airways,18/05/2019,Kolkata,Banglore,CCU → BOM → BLR,14:05,16:20 19 May,26h 15m,1 stop,In-flight meal not included,10844
Jet Airways,1/04/2019,Kolkata,Banglore,CCU → BOM → BLR,21:10,04:40 02 Apr,7h 30m,1 stop,In-flight meal not included,8849
IndiGo,12/06/2019,Mumbai,Hyderabad,BOM → HYD,01:40,03:10,1h 30m,non-stop,No info,2754
Air India,21/03/2019,Delhi,Cochin,DEL → CCU → BOM → COK,06:50,19:15 22 Mar,36h 25m,2 stops,No info,10756
Jet Airways,21/05/2019,Kolkata,Banglore,CCU → DEL → BLR,17:00,21:05 22 May,28h 5m,1 stop,No info,14151
Jet Airways,12/06/2019,Kolkata,Banglore,CCU → BOM → BLR,08:25,20:45,12h 20m,1 stop,In-flight meal not included,9899
Jet Airways,21/03/2019,Delhi,Cochin,DEL → BOM → COK,22:00,04:25 22 Mar,6h 25m,1 stop,No info,12242
Jet Airways,9/06/2019,Delhi,Cochin,DEL → JAI → BOM → COK,19:30,12:35 10 Jun,17h 5m,2 stops,In-flight meal not included,10368
IndiGo,24/05/2019,Mumbai,Hyderabad,BOM → HYD,09:10,10:40,1h 30m,non-stop,No info,5755
Jet Airways,15/06/2019,Delhi,Cochin,DEL → BOM → COK,18:15,04:25 16 Jun,10h 10m,1 stop,In-flight meal not included,10262
SpiceJet,6/06/2019,Kolkata,Banglore,CCU → PNQ → BLR,08:35,17:15,8h 40m,1 stop,No info,6643
Multiple carriers Premium economy,21/03/2019,Delhi,Cochin,DEL → BOM → COK,07:30,21:00,13h 30m,1 stop,No info,9845
Jet Airways,24/03/2019,Kolkata,Banglore,CCU → BOM → BLR,18:55,12:00 25 Mar,17h 5m,1 stop,In-flight meal not included,11134
SpiceJet,1/06/2019,Delhi,Cochin,DEL → MAA → COK,06:05,11:20,5h 15m,1 stop,No info,5583
IndiGo,15/05/2019,Delhi,Cochin,DEL → BOM → COK,16:00,21:00,5h,1 stop,No info,6069
Jet Airways,12/03/2019,Banglore,New Delhi,BLR → BOM → DEL,05:45,20:20,14h 35m,1 stop,No info,13817
Air India,6/03/2019,Delhi,Cochin,DEL → AMD → BOM → COK,05:00,19:15 07 Mar,38h 15m,2 stops,No info,10283
Air India,24/03/2019,Kolkata,Banglore,CCU → GAU → BLR,09:50,21:05,11h 15m,1 stop,No info,7795
Multiple carriers,9/03/2019,Delhi,Cochin,DEL → BOM → COK,00:20,07:40,7h 20m,1 stop,In-flight meal not included,13977
Jet Airways,1/06/2019,Delhi,Cochin,DEL → NAG → BOM → COK,06:45,04:25 02 Jun,21h 40m,2 stops,In-flight meal not included,10919
IndiGo,3/03/2019,Kolkata,Banglore,CCU → BLR,20:25,23:05,2h 40m,non-stop,No info,6038
IndiGo,21/05/2019,Delhi,Cochin,DEL → COK,05:35,08:50,3h 15m,non-stop,No info,5601
IndiGo,9/03/2019,Delhi,Cochin,DEL → BOM → COK,07:30,21:00,13h 30m,1 stop,No info,12351
Air India,15/04/2019,Delhi,Cochin,DEL → COK,05:10,08:00,2h 50m,non-stop,No info,6094
Multiple carriers,15/05/2019,Delhi,Cochin,DEL → BOM → COK,10:35,19:15,8h 40m,1 stop,No info,7575
Jet Airways,27/05/2019,Delhi,Cochin,DEL → BOM → COK,21:50,04:25 28 May,6h 35m,1 stop,No info,16079
Jet Airways,15/06/2019,Delhi,Cochin,DEL → BOM → COK,19:15,19:00 16 Jun,23h 45m,1 stop,In-flight meal not included,10262
Air Asia,9/06/2019,Delhi,Cochin,DEL → BLR → COK,16:45,22:25,5h 40m,1 stop,No info,13470
Jet Airways,27/06/2019,Banglore,Delhi,BLR → DEL,11:10,14:05,2h 55m,non-stop,No info,8016
Jet Airways,9/03/2019,Delhi,Cochin,DEL → BOM → COK,18:15,18:50 10 Mar,24h 35m,1 stop,No info,16289
Jet Airways,6/06/2019,Delhi,Cochin,DEL → BOM → COK,19:45,04:25 07 Jun,8h 40m,1 stop,In-flight meal not included,10262
IndiGo,27/06/2019,Banglore,Delhi,BLR → DEL,18:25,21:20,2h 55m,non-stop,No info,4823
Vistara,9/04/2019,Banglore,Delhi,BLR → DEL,09:45,12:35,2h 50m,non-stop,No info,5403
Jet Airways,18/05/2019,Delhi,Cochin,DEL → BOM → COK,17:30,19:00 19 May,25h 30m,1 stop,In-flight meal not included,12373
SpiceJet,6/03/2019,Mumbai,Hyderabad,BOM → JLR → HYD,14:10,22:25,8h 15m,1 stop,No info,13552
Jet Airways,9/05/2019,Kolkata,Banglore,CCU → BOM → BLR,08:25,20:45,12h 20m,1 stop,In-flight meal not included,10844
Air India,6/03/2019,Mumbai,Hyderabad,BOM → JDH → DEL → HYD,09:40,23:45,14h 5m,2 stops,No info,22619
Multiple carriers,27/05/2019,Delhi,Cochin,DEL → BOM → COK,10:35,19:15,8h 40m,1 stop,No info,8625
IndiGo,24/03/2019,Banglore,New Delhi,BLR → DEL,06:00,08:45,2h 45m,non-stop,No info,4777
IndiGo,21/06/2019,Delhi,Cochin,DEL → COK,05:35,08:50,3h 15m,non-stop,No info,5000
Jet Airways,6/03/2019,Delhi,Cochin,DEL → AMD → BOM → COK,19:10,19:45 07 Mar,24h 35m,2 stops,No info,21954
Jet Airways,3/06/2019,Delhi,Cochin,DEL → BOM → COK,11:30,04:25 04 Jun,16h 55m,1 stop,In-flight meal not included,11627
Jet Airways,24/05/2019,Kolkata,Banglore,CCU → BOM → BLR,14:05,04:40 25 May,14h 35m,1 stop,No info,13731
IndiGo,3/04/2019,Banglore,Delhi,BLR → DEL,22:10,01:00 04 Apr,2h 50m,non-stop,No info,3943
Jet Airways,21/03/2019,Banglore,New Delhi,BLR → BOM → DEL,08:55,23:00,14h 5m,1 stop,In-flight meal not included,6992
Jet Airways,6/05/2019,Kolkata,Banglore,CCU → BOM → BLR,18:55,04:40 07 May,9h 45m,1 stop,No info,13941
Jet Airways,12/06/2019,Delhi,Cochin,DEL → BOM → COK,08:00,19:00,11h,1 stop,No info,14924
Jet Airways,27/06/2019,Delhi,Cochin,DEL → BOM → COK,02:15,12:35,10h 20m,1 stop,No info,18371
IndiGo,3/03/2019,Chennai,Kolkata,MAA → CCU,19:35,21:55,2h 20m,non-stop,No info,7295
Air India,09/03/2019,Banglore,New Delhi,BLR → GOI → DEL,17:00,16:40 13 Mar,23h 40m,1 stop,No info,9292
Jet Airways,1/05/2019,Kolkata,Banglore,CCU → BOM → BLR,20:00,08:15 02 May,12h 15m,1 stop,No info,13941
IndiGo,24/03/2019,Kolkata,Banglore,CCU → HYD → BLR,04:15,09:50,5h 35m,1 stop,No info,4150
Jet Airways,1/04/2019,Kolkata,Banglore,CCU → BOM → BLR,20:00,23:35 02 Apr,27h 35m,1 stop,No info,12681
IndiGo,3/06/2019,Delhi,Cochin,DEL → COK,05:35,08:50,3h 15m,non-stop,No info,5601
Air India,21/05/2019,Kolkata,Banglore,CCU → GAU → DEL → BLR,09:50,08:55 22 May,23h 5m,2 stops,No info,14960
Multiple carriers,6/06/2019,Delhi,Cochin,DEL → BOM → COK,16:00,01:30 07 Jun,9h 30m,1 stop,No info,13377
IndiGo,21/03/2019,Mumbai,Hyderabad,BOM → HYD,12:00,13:25,1h 25m,non-stop,No info,3342
Jet Airways,6/06/2019,Banglore,Delhi,BLR → DEL,11:10,14:05,2h 55m,non-stop,No info,8016
Jet Airways,06/03/2019,Banglore,New Delhi,BLR → BOM → DEL,05:45,23:00,17h 15m,1 stop,No info,16736
Jet Airways,24/03/2019,Kolkata,Banglore,CCU → BOM → BLR,21:10,19:40 25 Mar,22h 30m,1 stop,In-flight meal not included,10031
Air India,21/04/2019,Delhi,Cochin,DEL → BLR → COK,20:30,08:15 22 Apr,11h 45m,1 stop,No info,7258
Jet Airways,15/05/2019,Banglore,Delhi,BLR → DEL,06:00,08:45,2h 45m,non-stop,In-flight meal not included,4030
Air India,24/06/2019,Delhi,Cochin,DEL → CCU → BOM → COK,14:25,19:15 25 Jun,28h 50m,2 stops,No info,13381
Jet Airways,24/05/2019,Delhi,Cochin,DEL → AMD → BOM → COK,23:05,04:25 26 May,29h 20m,2 stops,No info,16704
Multiple carriers,24/06/2019,Delhi,Cochin,DEL → BOM → COK,09:00,21:00,12h,1 stop,No info,13587
Jet Airways,24/05/2019,Mumbai,Hyderabad,BOM → HYD,02:55,04:20,1h 25m,non-stop,No info,5678
Jet Airways,1/04/2019,Kolkata,Banglore,CCU → BOM → BLR,06:30,09:20 02 Apr,26h 50m,1 stop,In-flight meal not included,7064
IndiGo,3/06/2019,Mumbai,Hyderabad,BOM → HYD,01:40,03:10,1h 30m,non-stop,No info,2754
Vistara,1/05/2019,Banglore,Delhi,BLR → DEL,09:45,12:35,2h 50m,non-stop,No info,4668
Air Asia,21/06/2019,Kolkata,Banglore,CCU → BLR,19:55,22:25,2h 30m,non-stop,No info,4107
IndiGo,12/06/2019,Delhi,Cochin,DEL → BOM → COK,04:55,21:00,16h 5m,1 stop,No info,5894
Jet Airways,6/06/2019,Delhi,Cochin,DEL → BOM → COK,17:30,04:25 07 Jun,10h 55m,1 stop,In-flight meal not included,10262
Jet Airways,9/05/2019,Kolkata,Banglore,CCU → BOM → BLR,16:30,08:15 10 May,15h 45m,1 stop,No info,13941
Air Asia,27/04/2019,Delhi,Cochin,DEL → BLR → COK,16:45,07:10 28 Apr,14h 25m,1 stop,No info,6451
Air India,27/06/2019,Delhi,Cochin,DEL → HYD → MAA → COK,09:45,09:25 28 Jun,23h 40m,2 stops,No info,10975
Air India,6/03/2019,Delhi,Cochin,DEL → JAI → BOM → COK,12:00,07:40 07 Mar,19h 40m,2 stops,No info,14746
Air Asia,6/06/2019,Delhi,Cochin,DEL → BLR → COK,20:45,07:10 07 Jun,10h 25m,1 stop,No info,11410
SpiceJet,1/05/2019,Kolkata,Banglore,CCU → BLR,06:55,09:30,2h 35m,non-stop,No check-in baggage included,3841
Air India,3/06/2019,Delhi,Cochin,DEL → CCU → BOM → COK,06:50,07:40 04 Jun,24h 50m,2 stops,No info,13381
Multiple carriers,9/05/2019,Delhi,Cochin,DEL → BOM → COK,11:30,01:30 10 May,14h,1 stop,No info,15078
Air India,9/05/2019,Kolkata,Banglore,CCU → BOM → BLR,09:25,18:30,9h 5m,1 stop,No info,8891
Jet Airways,9/05/2019,Kolkata,Banglore,CCU → BOM → BLR,14:05,10:05 10 May,20h,1 stop,In-flight meal not included,7757
Air India,9/04/2019,Banglore,Delhi,BLR → DEL,05:45,08:45,3h,non-stop,No info,4441
Jet Airways,24/03/2019,Kolkata,Banglore,CCU → BOM → BLR,19:45,18:10 25 Mar,22h 25m,1 stop,In-flight meal not included,10031
IndiGo,12/04/2019,Banglore,Delhi,BLR → DEL,13:00,15:50,2h 50m,non-stop,No info,4823
Air India,24/05/2019,Kolkata,Banglore,CCU → BOM → BLR,09:25,18:30,9h 5m,1 stop,No info,8576
Jet Airways,12/03/2019,Banglore,New Delhi,BLR → BOM → DEL,20:35,16:10 13 Mar,19h 35m,1 stop,In-flight meal not included,11087
Jet Airways,18/05/2019,Delhi,Cochin,DEL → BOM → COK,10:00,12:35 19 May,26h 35m,1 stop,In-flight meal not included,12373
Air India,21/05/2019,Kolkata,Banglore,CCU → BOM → GOI → BLR,09:25,05:35 22 May,20h 10m,2 stops,No info,11432
IndiGo,15/06/2019,Mumbai,Hyderabad,BOM → HYD,16:55,18:25,1h 30m,non-stop,No info,3175
IndiGo,12/05/2019,Kolkata,Banglore,CCU → BLR,09:35,12:20,2h 45m,non-stop,No info,4804
Jet Airways,27/06/2019,Delhi,Cochin,DEL → JAI → BOM → COK,09:40,12:35 28 Jun,26h 55m,2 stops,No info,13014
Multiple carriers,6/03/2019,Delhi,Cochin,DEL → HYD → COK,07:10,22:20,15h 10m,1 stop,In-flight meal not included,7563
SpiceJet,27/06/2019,Kolkata,Banglore,CCU → BLR,09:00,11:25,2h 25m,non-stop,No info,3873
IndiGo,21/05/2019,Delhi,Cochin,DEL → HYD → COK,11:55,00:55 22 May,13h,1 stop,No info,6282
Multiple carriers,1/06/2019,Delhi,Cochin,DEL → BOM → COK,08:30,19:00,10h 30m,1 stop,No info,11200
Vistara,24/04/2019,Banglore,Delhi,BLR → DEL,19:30,22:15,2h 45m,non-stop,No info,5613
IndiGo,9/06/2019,Delhi,Cochin,DEL → COK,14:20,17:35,3h 15m,non-stop,No info,5601
Jet Airways,15/06/2019,Delhi,Cochin,DEL → BOM → COK,14:00,12:35 16 Jun,22h 35m,1 stop,In-flight meal not included,10262
IndiGo,01/03/2019,Banglore,New Delhi,BLR → DEL,20:00,22:55,2h 55m,non-stop,No info,14306
Jet Airways,1/04/2019,Kolkata,Banglore,CCU → BOM → BLR,20:00,20:45 02 Apr,24h 45m,1 stop,In-flight meal not included,7064
Jet Airways,27/06/2019,Delhi,Cochin,DEL → BOM → COK,07:05,19:00,11h 55m,1 stop,No info,18371
Air India,18/05/2019,Delhi,Cochin,DEL → CCU → BOM → COK,20:15,19:15 19 May,23h,2 stops,No info,13591
Jet Airways,1/06/2019,Delhi,Cochin,DEL → JAI → BOM → COK,09:40,12:35 02 Jun,26h 55m,2 stops,In-flight meal not included,10368
Multiple carriers,12/06/2019,Delhi,Cochin,DEL → IXU → BOM → COK,17:50,01:30 13 Jun,7h 40m,2 stops,No info,18275
IndiGo,27/05/2019,Banglore,Delhi,BLR → DEL,22:10,01:00 28 May,2h 50m,non-stop,No info,3749
Air Asia,6/06/2019,Kolkata,Banglore,CCU → IXR → DEL → BLR,15:10,23:30,8h 20m,2 stops,No info,6810
Multiple carriers,21/05/2019,Delhi,Cochin,DEL → BOM → COK,11:40,21:00,9h 20m,1 stop,No info,7485
Air India,27/05/2019,Kolkata,Banglore,CCU → BLR,14:15,16:45,2h 30m,non-stop,No info,5510
Jet Airways,3/06/2019,Delhi,Cochin,DEL → BOM → COK,18:15,04:25 04 Jun,10h 10m,1 stop,In-flight meal not included,10262
Multiple carriers,24/06/2019,Delhi,Cochin,DEL → HYD → COK,07:10,16:10,9h,1 stop,No info,6723
Multiple carriers,21/03/2019,Delhi,Cochin,DEL → BOM → COK,08:00,15:30,7h 30m,1 stop,No info,8307
GoAir,21/04/2019,Delhi,Cochin,DEL → HYD → COK,05:55,13:35,7h 40m,1 stop,No info,6146
Jet Airways,27/05/2019,Delhi,Cochin,DEL → AMD → BOM → COK,13:25,12:35 28 May,23h 10m,2 stops,No info,15129
Jet Airways,1/05/2019,Kolkata,Banglore,CCU → BOM → BLR,06:30,12:00,5h 30m,1 stop,No info,14388
Jet Airways,6/04/2019,Banglore,Delhi,BLR → DEL,06:00,08:45,2h 45m,non-stop,In-flight meal not included,4544
Jet Airways,12/04/2019,Banglore,Delhi,BLR → DEL,11:10,14:05,2h 55m,non-stop,In-flight meal not included,5198
IndiGo,18/05/2019,Delhi,Cochin,DEL → BOM → COK,09:15,01:30 19 May,16h 15m,1 stop,No info,7503
GoAir,01/03/2019,Banglore,New Delhi,BLR → GOI → DEL,15:45,20:15,4h 30m,1 stop,No info,12314
Air India,15/05/2019,Delhi,Cochin,DEL → BOM → COK,13:00,19:15,6h 15m,1 stop,No info,8372
Jet Airways,21/05/2019,Kolkata,Banglore,CCU → BOM → BLR,16:30,23:35,7h 5m,1 stop,No info,14781
Jet Airways,24/06/2019,Banglore,Delhi,BLR → DEL,19:50,22:50,3h,non-stop,No info,8016
IndiGo,12/03/2019,Chennai,Kolkata,MAA → CCU,07:55,10:15,2h 20m,non-stop,No info,6297
Jet Airways,1/05/2019,Kolkata,Banglore,CCU → BOM → BLR,08:25,09:20 02 May,24h 55m,1 stop,No info,14388
GoAir,1/06/2019,Delhi,Cochin,DEL → AMD → COK,07:25,13:35,6h 10m,1 stop,No info,6393
Jet Airways,9/06/2019,Kolkata,Banglore,CCU → BOM → BLR,21:10,10:05 10 Jun,12h 55m,1 stop,No info,14939
Jet Airways,21/05/2019,Kolkata,Banglore,CCU → BOM → BLR,08:25,19:50,11h 25m,1 stop,No info,14781
IndiGo,6/03/2019,Delhi,Cochin,DEL → BOM → COK,07:30,21:00,13h 30m,1 stop,No info,14871
SpiceJet,6/04/2019,Banglore,Delhi,BLR → DEL,09:30,12:20,2h 50m,non-stop,No check-in baggage included,4319
Jet Airways,15/05/2019,Kolkata,Banglore,CCU → DEL → BLR,17:00,09:45 16 May,16h 45m,1 stop,No info,13067
Jet Airways,01/03/2019,Banglore,New Delhi,BLR → BOM → DEL,16:55,08:15 02 Mar,15h 20m,1 stop,No info,26890
Jet Airways,15/03/2019,Banglore,New Delhi,BLR → BOM → DEL,07:00,13:15,6h 15m,1 stop,In-flight meal not included,9134
IndiGo,3/04/2019,Banglore,Delhi,BLR → DEL,21:15,00:15 04 Apr,3h,non-stop,No info,3943
Air India,24/06/2019,Delhi,Cochin,DEL → BOM → COK,07:00,19:15,12h 15m,1 stop,No info,8879
Jet Airways,24/05/2019,Kolkata,Banglore,CCU → BOM → BLR,18:55,12:00 25 May,17h 5m,1 stop,No info,14571
IndiGo,15/06/2019,Kolkata,Banglore,CCU → BLR,09:35,12:10,2h 35m,non-stop,No info,5644
Jet Airways,9/06/2019,Kolkata,Banglore,CCU → BOM → BLR,06:30,04:40 10 Jun,22h 10m,1 stop,In-flight meal not included,9663
Jet Airways,9/06/2019,Kolkata,Banglore,CCU → BOM → BLR,14:05,23:35,9h 30m,1 stop,No info,14571
SpiceJet,9/06/2019,Banglore,Delhi,BLR → DEL,21:10,00:05 10 Jun,2h 55m,non-stop,No info,3971
Jet Airways,6/03/2019,Delhi,Cochin,DEL → BOM → COK,09:00,18:50,9h 50m,1 stop,No info,17024
SpiceJet,15/05/2019,Kolkata,Banglore,CCU → BLR,17:10,19:40,2h 30m,non-stop,No check-in baggage included,3841
Jet Airways,27/05/2019,Delhi,Cochin,DEL → BOM → COK,19:45,19:00 28 May,23h 15m,1 stop,In-flight meal not included,12898
Jet Airways,6/06/2019,Delhi,Cochin,DEL → NAG → BOM → COK,14:35,04:25 07 Jun,13h 50m,2 stops,No info,13376
Jet Airways,15/06/2019,Delhi,Cochin,DEL → IDR → BOM → COK,21:25,12:35 16 Jun,15h 10m,2 stops,In-flight meal not included,9905
Multiple carriers,15/06/2019,Delhi,Cochin,DEL → BOM → COK,08:00,21:00,13h,1 stop,No info,13587
Multiple carriers,24/06/2019,Delhi,Cochin,DEL → BOM → COK,06:00,21:00,15h,1 stop,No info,7740
Multiple carriers,21/05/2019,Delhi,Cochin,DEL → BOM → COK,06:00,12:35,6h 35m,1 stop,No info,9794
Jet Airways,06/03/2019,Banglore,New Delhi,BLR → BOM → DEL,22:50,21:20 07 Mar,22h 30m,1 stop,No info,17471
Jet Airways,9/03/2019,Delhi,Cochin,DEL → IXC → BOM → COK,13:45,04:25 10 Mar,14h 40m,2 stops,In-flight meal not included,15129
Jet Airways,1/05/2019,Kolkata,Banglore,CCU → DEL → BLR,09:35,14:25 02 May,28h 50m,1 stop,No info,11467
Air India,12/06/2019,Kolkata,Banglore,CCU → MAA → BLR,14:35,14:35 13 Jun,24h,1 stop,No info,6528
Multiple carriers,27/06/2019,Delhi,Cochin,DEL → BOM → COK,07:30,19:15,11h 45m,1 stop,No info,8266
IndiGo,6/03/2019,Delhi,Cochin,DEL → HYD → COK,06:40,22:20,15h 40m,1 stop,No info,6442
Jet Airways,12/06/2019,Delhi,Cochin,DEL → BOM → COK,22:50,12:35 13 Jun,13h 45m,1 stop,In-flight meal not included,10262
Jet Airways,1/03/2019,Mumbai,Hyderabad,BOM → HYD,07:10,08:35,1h 25m,non-stop,No info,17501
Air India,24/05/2019,Banglore,Delhi,BLR → DEL,06:10,08:55,2h 45m,non-stop,No info,8273
Air India,21/03/2019,Delhi,Cochin,DEL → LKO → BOM → COK,18:30,19:15 22 Mar,24h 45m,2 stops,No info,10703
Multiple carriers,15/06/2019,Delhi,Cochin,DEL → BOM → COK,10:00,01:30 16 Jun,15h 30m,1 stop,No info,8510
IndiGo,15/03/2019,Mumbai,Hyderabad,BOM → HYD,20:05,21:35,1h 30m,non-stop,No info,2754
IndiGo,18/05/2019,Mumbai,Hyderabad,BOM → HYD,21:20,22:50,1h 30m,non-stop,No info,2227
Multiple carriers,27/06/2019,Delhi,Cochin,DEL → IXU → BOM → COK,17:50,01:30 28 Jun,7h 40m,2 stops,No info,18275
SpiceJet,21/04/2019,Delhi,Cochin,DEL → PNQ → COK,08:45,13:15,4h 30m,1 stop,No check-in baggage included,6356
Jet Airways,15/05/2019,Kolkata,Banglore,CCU → BOM → BLR,14:05,20:45,6h 40m,1 stop,No info,14781
Jet Airways,27/05/2019,Delhi,Cochin,DEL → JAI → BOM → COK,09:40,12:35 28 May,26h 55m,2 stops,In-flight meal not included,13029
GoAir,1/05/2019,Banglore,Delhi,BLR → DEL,11:40,14:30,2h 50m,non-stop,No info,4340
Air India,12/06/2019,Kolkata,Banglore,CCU → DEL → COK → BLR,17:30,13:45 13 Jun,20h 15m,2 stops,No info,12224
Jet Airways,24/05/2019,Kolkata,Banglore,CCU → BOM → BLR,16:30,18:15 25 May,25h 45m,1 stop,In-flight meal not included,10844
IndiGo,15/04/2019,Kolkata,Banglore,CCU → BLR,09:35,12:20,2h 45m,non-stop,No info,4174
Air India,01/03/2019,Banglore,New Delhi,BLR → HYD → VGA → DEL,17:00,22:55 02 Mar,29h 55m,2 stops,No info,14887
Multiple carriers,9/04/2019,Delhi,Cochin,DEL → BOM → COK,09:00,19:15,10h 15m,1 stop,No info,12853
Air Asia,15/05/2019,Banglore,Delhi,BLR → DEL,11:10,13:55,2h 45m,non-stop,No info,3383
GoAir,01/03/2019,Banglore,New Delhi,BLR → DEL,11:40,14:35,2h 55m,non-stop,No info,11111
Jet Airways,1/04/2019,Banglore,Delhi,BLR → DEL,17:45,20:45,3h,non-stop,No info,7229
Jet Airways,6/05/2019,Banglore,Delhi,BLR → DEL,17:45,20:45,3h,non-stop,In-flight meal not included,4030
IndiGo,3/03/2019,Delhi,Cochin,DEL → BOM → COK,15:00,01:35 04 Mar,10h 35m,1 stop,No info,14871
Jet Airways,27/05/2019,Delhi,Cochin,DEL → BOM → COK,19:45,04:25 28 May,8h 40m,1 stop,In-flight meal not included,12898
Multiple carriers,18/05/2019,Delhi,Cochin,DEL → BOM → COK,11:30,19:15,7h 45m,1 stop,No info,14533
Air India,6/06/2019,Delhi,Cochin,DEL → BLR → COK,17:40,08:15 07 Jun,14h 35m,1 stop,No info,7258
SpiceJet,1/04/2019,Delhi,Cochin,DEL → PNQ → COK,08:45,13:15,4h 30m,1 stop,No info,4812
Jet Airways,9/05/2019,Kolkata,Banglore,CCU → DEL → BLR,09:35,21:05,11h 30m,1 stop,In-flight meal not included,12384
Air India,6/06/2019,Delhi,Cochin,DEL → JAI → BOM → COK,12:00,07:40 07 Jun,19h 40m,2 stops,No info,8603
Air India,6/06/2019,Delhi,Cochin,DEL → JAI → BOM → COK,12:00,19:15,7h 15m,2 stops,No info,8603
Jet Airways,24/03/2019,Kolkata,Banglore,CCU → BOM → BLR,13:55,23:25,9h 30m,1 stop,No info,14231
Jet Airways,9/05/2019,Delhi,Cochin,DEL → AMD → BOM → COK,23:05,04:25 11 May,29h 20m,2 stops,No info,15129
Air Asia,1/06/2019,Delhi,Cochin,DEL → BLR → COK,20:45,07:10 02 Jun,10h 25m,1 stop,No info,11410
Air India,12/03/2019,Banglore,New Delhi,BLR → BOM → BHO → DEL,08:50,09:25 13 Mar,24h 35m,2 stops,No info,12725
Jet Airways,9/06/2019,Delhi,Cochin,DEL → IDR → BOM → COK,09:35,12:35 10 Jun,27h,2 stops,No info,13292
SpiceJet,24/04/2019,Kolkata,Banglore,CCU → BLR,06:55,09:30,2h 35m,non-stop,No info,3873
IndiGo,15/06/2019,Chennai,Kolkata,MAA → CCU,07:55,10:15,2h 20m,non-stop,No info,3850
SpiceJet,9/06/2019,Kolkata,Banglore,CCU → KNU → BLR,11:35,18:50,7h 15m,1 stop,No info,8479
Jet Airways,24/05/2019,Kolkata,Banglore,CCU → DEL → BLR,09:35,23:35,14h,1 stop,No info,14151
Air India,24/04/2019,Banglore,Delhi,BLR → DEL,06:10,08:55,2h 45m,non-stop,No info,5228
Vistara,9/06/2019,Kolkata,Banglore,CCU → DEL → BLR,07:10,09:05 10 Jun,25h 55m,1 stop,No info,9397
Jet Airways,18/06/2019,Mumbai,Hyderabad,BOM → HYD,07:05,08:30,1h 25m,non-stop,In-flight meal not included,4995
Air India,1/06/2019,Delhi,Cochin,DEL → AMD → BOM → COK,19:45,19:15 02 Jun,23h 30m,2 stops,No info,10651
Air Asia,3/04/2019,Banglore,Delhi,BLR → DEL,04:55,07:45,2h 50m,non-stop,No info,4282
Air India,21/05/2019,Kolkata,Banglore,CCU → JAI → BOM → BLR,08:20,21:50,13h 30m,2 stops,No info,10697
Jet Airways,21/05/2019,Kolkata,Banglore,CCU → DEL → BLR,09:35,14:25 22 May,28h 50m,1 stop,In-flight meal not included,9314
IndiGo,27/06/2019,Chennai,Kolkata,MAA → CCU,05:15,07:40,2h 25m,non-stop,No info,3540
Air India,12/06/2019,Delhi,Cochin,DEL → AMD → BOM → COK,16:40,19:15 13 Jun,26h 35m,2 stops,No info,9443
Multiple carriers,6/03/2019,Delhi,Cochin,DEL → BOM → COK,07:30,15:30,8h,1 stop,No info,15147
Jet Airways,27/06/2019,Banglore,Delhi,BLR → DEL,08:20,11:20,3h,non-stop,No info,8016
IndiGo,24/05/2019,Mumbai,Hyderabad,BOM → HYD,21:20,22:50,1h 30m,non-stop,No info,2437
IndiGo,27/05/2019,Delhi,Cochin,DEL → BOM → COK,10:35,01:30 28 May,14h 55m,1 stop,No info,6104
SpiceJet,6/06/2019,Mumbai,Hyderabad,BOM → HYD,22:45,00:15 07 Jun,1h 30m,non-stop,No check-in baggage included,1965
Multiple carriers,12/06/2019,Delhi,Cochin,DEL → BOM → COK,13:00,21:00,8h,1 stop,No info,7408
IndiGo,18/06/2019,Mumbai,Hyderabad,BOM → HYD,06:25,07:55,1h 30m,non-stop,No info,4049
Jet Airways,1/06/2019,Banglore,Delhi,BLR → DEL,19:50,22:50,3h,non-stop,No info,8016
Multiple carriers,9/05/2019,Delhi,Cochin,DEL → BOM → COK,07:00,19:00,12h,1 stop,No info,10197
Jet Airways,1/05/2019,Kolkata,Banglore,CCU → BOM → BLR,21:10,08:15 02 May,11h 5m,1 stop,In-flight meal not included,10844
Jet Airways,9/06/2019,Kolkata,Banglore,CCU → DEL → BLR,17:00,19:10 10 Jun,26h 10m,1 stop,No info,12692